Company,Valuation ($Billions),Date Joined,Industry,City,Country,Continent,Year Founded,Funding ($ Billions)
Bytedance,180,07/04/2017,Artificial intelligence,Beijing,China,Asia,2012,8
SpaceX,100,01/12/2012,Other,Hawthorne,United States,North America,2002,7
SHEIN,100,03/07/2018,E-commerce & direct-to-consumer,Shenzhen,China,Asia,2008,2
Stripe,95,23/01/2014,Fintech,San Francisco,United States,North America,2010,2
Klarna,46,12/12/2011,Fintech,Stockholm,Sweden,Europe,2005,4
Canva,40,08/01/2018,Internet software & services,Surry Hills,Australia,Oceania,2012,0.572
Checkout.com,40,02/05/2019,Fintech,London,United Kingdom,Europe,2012,2
Instacart,39,30/12/2014,"Supply chain, logistics, & delivery",San Francisco,United States,North America,2012,3
JUUL Labs,38,20/12/2017,Consumer & retail,San Francisco,United States,North America,2015,14
Databricks,38,05/02/2019,Data management & analytics,San Francisco,United States,North America,2013,3
Revolut,33,26/04/2018,Fintech,London,United Kingdom,Europe,2015,2
Epic Games,32,26/10/2018,Other,Cary,United States,North America,1991,7
FTX,32,20/07/2021,Fintech,,Bahamas,North America,2018,2
Fanatics,27,06/06/2012,E-commerce & direct-to-consumer,Jacksonville,United States,North America,2002,4
Chime,25,05/03/2019,Fintech,San Francisco,United States,North America,2013,2
BYJU's,22,25/07/2017,Edtech,Bengaluru,India,Asia,2008,4
J&T Express,20,07/04/2021,"Supply chain, logistics, & delivery",Jakarta,Indonesia,Asia,2015,5
Xiaohongshu,20,31/03/2016,E-commerce & direct-to-consumer,Shanghai,China,Asia,2013,0.918
Miro,18,05/01/2022,Internet software & services,San Francisco,United States,North America,2011,0.476
Yuanfudao,17,31/05/2017,Edtech,Beijing,China,Asia,2012,4
Rapyd,15,03/12/2019,Fintech,London,United Kingdom,Europe,2016,0.77
Discord,15,20/04/2018,Internet software & services,San Francisco,United States,North America,2012,0.979
Genki Forest,15,01/03/2020,Consumer & retail,Beijing,China,Asia,2016,0.721
goPuff,15,08/10/2020,E-commerce & direct-to-consumer,Philadelphia,United States,North America,2013,3
Blockchain.com,14,17/02/2021,Fintech,London,United Kingdom,Europe,2011,0.49
Plaid,13,11/12/2018,Fintech,San Francisco,United States,North America,2012,0.734
Devoted Health,13,16/10/2018,Health,Waltham,United States,North America,2017,2
OpenSea,13,20/07/2021,E-commerce & direct-to-consumer,New York,United States,North America,2017,0.427
Grammarly,13,10/10/2019,Internet software & services,San Francisco,United States,North America,2009,0.4
Argo AI,12,12/07/2019,Artificial intelligence,Pittsburgh,United States,North America,2016,4
Northvolt,12,12/06/2019,Other,Stockholm,Sweden,Europe,2016,4
Faire,12,30/10/2019,Artificial intelligence,San Francisco,United States,North America,2017,1
Airtable,12,15/11/2018,Internet software & services,San Francisco,United States,North America,2013,1
Brex,12,05/10/2018,Fintech,San Francisco,United States,North America,2017,1
Getir,12,26/03/2021,E-commerce & direct-to-consumer,Istanbul,Turkey,Europe,2015,2
Biosplice Therapeutics,12,06/08/2018,Health,San Diego,United States,North America,2008,0.799
Bitmain,12,06/07/2018,Hardware,Beijing,China,Asia,2015,0.765
GoodLeap,12,13/10/2021,Internet software & services,Roseville,United States,North America,2003,0.8
Xingsheng Selected,12,22/07/2020,E-commerce & direct-to-consumer,Changsha,China,Asia,2009,5
ZongMu Technology,11,03/06/2021,Auto & transportation,Shanghai,China,Asia,2013,0.376
Bolt,11,29/05/2018,Auto & transportation,Tallinn,Estonia,Europe,2013,1
Swiggy,11,21/06/2018,"Supply chain, logistics, & delivery",Bengaluru,India,Asia,2014,5
Weilong Foods,11,08/05/2021,Consumer & retail,Luohe,China,Asia,1999,0.558
Global Switch,11,22/12/2016,Hardware,London,United Kingdom,Europe,1998,5
Bolt,11,08/10/2021,Fintech,San Francisco,United States,North America,2014,1
Celonis,11,26/06/2018,Data management & analytics,Munich,Germany,Europe,2011,1
Zuoyebang,10,18/07/2018,Edtech,Beijing,China,Asia,2014,3
Ripple,10,20/12/2019,Fintech,San Francisco,United States,North America,2012,0.294
OYO Rooms,10,25/09/2018,Travel,Gurugram,India,Asia,2012,3
OutSystems,10,05/06/2018,Internet software & services,Boston,United States,North America,2001,0.572
ServiceTitan,10,14/11/2018,Internet software & services,Glendale,United States,North America,2012,1
Alchemy,10,28/10/2021,Fintech,San Francisco,United States,North America,2017,0.564
Chehaoduo,10,12/03/2016,E-commerce & direct-to-consumer,Beijing,China,Asia,2015,4
Digital Currency Group,10,01/11/2021,Fintech,New York,United States,North America,2015,1
Figma,10,30/04/2020,Internet software & services,San Francisco,United States,North America,2012,0.333
Gusto,10,18/12/2015,Fintech,San Francisco,United States,North America,2011,0.691
Lalamove,10,21/02/2019,"Supply chain, logistics, & delivery",Cheung Sha Wan,Hong Kong,Asia,2013,2
Notion Labs,10,01/04/2020,Internet software & services,San Francisco,United States,North America,2016,0.343
reddit,10,31/07/2017,Internet software & services,San Francisco,United States,North America,2005,1
Talkdesk,10,03/10/2018,Internet software & services,San Francisco,United States,North America,2011,0.497
Thrasio,10,15/07/2020,Other,Walpole,United States,North America,2018,2
Dunamu,9,22/07/2021,Fintech,Seoul,South Korea,Asia,2012,0.071
Yanolja,9,10/06/2019,Travel,Seoul,South Korea,Asia,2005,2
Pony.ai,9,11/07/2018,Artificial intelligence,Fremont,United States,North America,2016,1
Nuro,9,11/02/2019,Auto & transportation,Mountain View,United States,North America,2016,2
Snyk,9,21/01/2020,Cybersecurity,Boston,United States,North America,2015,1
Kavak,9,01/10/2020,E-commerce & direct-to-consumer,Lerma de Villada,Mexico,North America,2016,2
N26,9,10/01/2019,Fintech,Berlin,Germany,Europe,2013,2
Klaviyo,9,17/11/2020,Internet software & services,Boston,United States,North America,2012,0.679
Niantic,9,24/11/2017,Mobile & telecommunications,San Francisco,United States,North America,2015,0.77
Tanium,9,31/03/2015,Cybersecurity,Kirkland,United States,North America,2007,0.775
Dream11,8,09/04/2019,Internet software & services,Mumbai,India,Asia,2007,2
DJI Innovations,8,23/01/2015,Hardware,Shenzhen,China,Asia,2006,0.105
Netskope,8,13/11/2018,Cybersecurity,Santa Clara,United States,North America,2012,1
Razorpay,8,11/10/2020,Fintech,Bengaluru,India,Asia,2013,0.742
Dapper Labs,8,30/03/2021,Fintech,Vancouver,Canada,North America,2018,0.607
Lacework,8,07/01/2021,Cybersecurity,San Jose,United States,North America,2015,2
Tipalti,8,06/10/2020,Fintech,San Mateo,United States,North America,2010,0.549
Hopin,8,10/11/2020,Internet software & services,London,United Kingdom,Europe,2019,1
Caris Life Sciences,8,12/05/2021,Health,Irving,United States,North America,1996,1
Ramp,8,29/03/2021,Fintech,New York,United States,North America,2019,0.66
Tempus,8,21/03/2018,Health,Chicago,United States,North America,2015,0.82
Fireblocks,8,27/07/2021,Fintech,New York,United States,North America,2018,1
Flexport,8,30/04/2018,"Supply chain, logistics, & delivery",San Francisco,United States,North America,2013,2
National Stock Exchange of India,7,01/07/2020,Fintech,Mumbai,India,Asia,1998,0.297
Meicai,7,22/06/2016,Mobile & telecommunications,Beijing,China,Asia,2014,1
Impossible Foods,7,13/05/2019,Consumer & retail,Redwood City,United States,North America,2011,2
CRED,7,06/04/2021,Fintech,Bengaluru,India,Asia,2018,0.922
Attentive,7,23/09/2020,Mobile & telecommunications,Hoboken,United States,North America,2016,0.863
Ola Cabs,7,27/10/2014,Auto & transportation,Bengaluru,India,Asia,2010,4
Rippling,7,04/08/2020,Internet software & services,San Francisco,United States,North America,2017,0.447
Carta,7,06/05/2019,Fintech,San Francisco,United States,North America,2012,1
Toss,7,09/12/2018,Fintech,Seoul,South Korea,Asia,2013,0.844
Ziroom,7,17/01/2018,E-commerce & direct-to-consumer,Beijing,China,Asia,2011,2
Scale AI,7,05/08/2019,Artificial intelligence,San Francisco,United States,North America,2018,0.603
Gong,7,12/08/2020,Artificial intelligence,Palo Alto,United States,North America,2015,0.583
TripActions,7,08/11/2018,Travel,Palo Alto,United States,North America,2015,0.912
1Password,7,08/07/2021,Cybersecurity,Toronto,Canada,North America,2005,0.92
Automation Anywhere,7,02/07/2018,Artificial intelligence,San Jose,United States,North America,2003,0.849
Gemini,7,19/11/2021,Fintech,New York,United States,North America,2015,0.424
ConsenSys,7,17/11/2021,Fintech,New York,United States,North America,2014,0.66
Ro,7,27/07/2020,Health,New York,United States,North America,2017,1
Black Unicorn Factory,6,20/05/2021,Other,Los Angeles,United States,North America,2020,0.645
Easyhome,6,12/02/2018,Consumer & retail,Beijing,China,Asia,1999,2
WeDoctor,6,22/09/2015,Health,Hangzhou,China,Asia,2010,1
SVOLT,6,08/06/2020,Auto & transportation,Changzhou,China,Asia,2018,3
Airwallex,6,25/03/2019,Fintech,Melbourne,Australia,Oceania,2015,0.802
Deel,6,21/04/2021,Fintech,San Francisco,United States,North America,2018,0.629
Mambu,6,06/01/2021,Fintech,Amsterdam,Netherlands,Europe,2011,0.448
Mollie,6,08/09/2020,Fintech,Amsterdam,Netherlands,Europe,2004,0.928
Doctolib,6,19/03/2019,Health,Paris,France,Europe,2013,0.815
FiveTran,6,30/06/2020,Data management & analytics,Oakland,United States,North America,2012,0.728
Postman,6,11/06/2020,Internet software & services,San Francisco,United States,North America,2014,0.433
Back Market,6,18/05/2021,E-commerce & direct-to-consumer,Paris,France,Europe,2014,1
Cityblock Health,6,10/12/2020,Health,Brooklyn,United States,North America,2017,0.891
DataRobot,6,29/07/2019,Artificial intelligence,Boston,United States,North America,2012,1
Personio,6,19/01/2021,Internet software & services,Munich,Germany,Europe,2015,0.524
RELEX Solutions,6,17/02/2022,"Supply chain, logistics, & delivery",Helsinki,Finland,Europe,2005,0.803
Vice Media,6,02/04/2011,Internet software & services,Brooklyn,United States,North America,1994,1
Workato,6,12/01/2021,Internet software & services,Mountain View,United States,North America,2013,0.415
Upgrade,6,12/02/2018,Fintech,San Francisco,United States,North America,2016,0.587
Lianjia,6,07/04/2016,E-commerce & direct-to-consumer,Beijing,China,Asia,2001,1
Hinge Health,6,06/01/2021,Health,San Francisco,United States,North America,2015,0.826
Lyra Health,6,25/08/2020,Health,Burlingame,United States,North America,2015,0.91
Benchling,6,14/04/2021,Internet software & services,San Francisco,United States,North America,2012,0.412
Better.com,6,10/11/2020,Fintech,New York,United States,North America,2018,0.405
iCapital Network,6,27/07/2021,Fintech,New York,United States,North America,2013,0.729
Wiz,6,17/03/2021,Cybersecurity,Tel Aviv,Israel,Asia,2020,0.6
DailyHunt,5,22/12/2020,Internet software & services,Bengaluru,India,Asia,2007,0.869
Howden Group Holdings,5,29/09/2020,Other,London,United Kingdom,Europe,1994,0.187
Meesho,5,05/04/2021,Internet software & services,Bengaluru,India,Asia,2015,1
Meizu Technology,5,23/07/2014,Hardware,Zhuhai,China,Asia,2003,0.943
CloudWalk Technology,5,08/10/2018,Artificial intelligence,Guangzhou,China,Asia,2015,0.514
Royole Corporation,5,18/08/2015,Hardware,Shenzhen,China,Asia,2012,0.492
Monzo,5,31/10/2018,Fintech,London,United Kingdom,Europe,2015,1
Socure,5,16/03/2021,Cybersecurity,New York,United States,North America,2012,0.644
VIPKid,5,04/08/2016,Edtech,Beijing,China,Asia,2013,1
Vinted,5,27/11/2019,E-commerce & direct-to-consumer,Vilnius,Lithuania,Europe,2008,0.562
Lendable,5,31/03/2021,Fintech,London,United Kingdom,Europe,2014,0.286
UBTECH Robotics,5,25/07/2016,Hardware,Shenzhen,China,Asia,2012,0.943
Anduril,5,11/09/2019,Artificial intelligence,Irvine,United States,North America,2017,0.691
Checkr,5,19/09/2019,Internet software & services,San Francisco,United States,North America,2014,0.559
Color,5,04/01/2021,Health,Burlingame,United States,North America,2013,0.497
Dataiku,5,04/12/2019,Internet software & services,New York,United States,North America,2013,0.647
BetterUp,5,25/02/2021,Internet software & services,San Francisco,United States,North America,2013,0.567
Pleo,5,06/07/2021,Fintech,Copenhagen,Denmark,Europe,2015,0.428
Trade Republic,5,20/05/2021,Fintech,Berlin,Germany,Europe,2015,0.996
Chipone,5,16/12/2021,Hardware,Beijing,China,Asia,2008,1
Collibra,5,29/01/2019,Data management & analytics,Brussels,Belgium,Europe,2008,0.596
Rappi,5,31/08/2018,"Supply chain, logistics, & delivery",Bogota,Colombia,South America,2015,2
6Sense,5,30/03/2021,Artificial intelligence,San Francisco,United States,North America,2013,0.426
Cerebral,5,10/06/2021,Health,San Francisco,United States,North America,2020,0.462
Creditas,5,18/12/2020,Fintech,Sao Paulo,Brazil,South America,2012,0.824
OneTrust,5,11/07/2019,Internet software & services,Atlanta,United States,North America,2016,0.926
QuintoAndar,5,09/09/2019,E-commerce & direct-to-consumer,Campinas,Brazil,South America,2012,0.755
C6 Bank,5,02/12/2020,Fintech,Sao Paulo,Brazil,South America,2018,2
Cockroach Labs,5,12/01/2021,Data management & analytics,New York,United States,North America,2015,0.633
Hopper,5,24/03/2021,Travel,Montreal,Canada,North America,2007,0.599
Icertis,5,17/07/2019,Artificial intelligence,Bellevue,United States,North America,2009,0.371
Moon Active,5,26/01/2020,Mobile & telecommunications,Tel Aviv,Israel,Asia,2011,0.425
OfBusiness,5,31/07/2021,E-commerce & direct-to-consumer,Gurgaon,India,Asia,2015,0.734
Ola Electric Mobility,5,02/07/2019,Auto & transportation,Bengaluru,India,Asia,2019,0.761
Pine Labs,5,24/01/2020,Fintech,Noida,India,Asia,1998,0.903
Qonto,5,11/01/2022,Fintech,Paris,France,Europe,2016,0.704
SambaNova Systems,5,13/04/2021,Data management & analytics,Palo Alto,United States,North America,2017,1
United Imaging Healthcare,5,15/09/2017,Health,Shanghai,China,Asia,2011,0.503
WM Motor,5,08/03/2019,Auto & transportation,Shanghai,China,Asia,2015,4
ZEPZ,5,23/08/2021,Fintech,London,United Kingdom,Europe,2010,0.655
Abogen,4,29/11/2021,Health,Suzhou,China,Asia,2019,1
Greensill,4,16/07/2018,Fintech,London,United Kingdom,Europe,2011,2
HyalRoute,4,26/05/2020,Mobile & telecommunications,,Singapore,Asia,2015,0.263
Radiology Partners,4,26/02/2018,Health,El Segundo,United States,North America,2012,1
Yello Mobile,4,11/11/2014,Mobile & telecommunications,Seoul,South Korea,Asia,2012,0.216
Turing,4,20/12/2021,Internet software & services,Palo Alto,United States,North America,2018,0.128
Lenskart,4,20/12/2019,E-commerce & direct-to-consumer,Faridabad,India,Asia,2008,0.776
Kraken,4,25/06/2019,Fintech,San Francisco,United States,North America,2011,0.119
Horizon Robotics,4,27/02/2019,Artificial intelligence,Beijing,China,Asia,2015,2
MoonPay,4,22/11/2021,Fintech,Miami,United States,North America,2019,0.555
Celsius Network,4,12/10/2021,Fintech,Hoboken,United States,North America,2017,0.864
ChargeBee Technologies,4,20/04/2021,Fintech,Walnut,United States,North America,2011,0.468
Coalition,4,17/03/2021,Cybersecurity,San Francisco,United States,North America,2017,0.505
Commure,4,16/09/2021,Internet software & services,San Francisco,United States,North America,2017,0.542
Flock Safety,4,13/07/2021,Hardware,Atlanta,United States,North America,2017,0.381
Handshake,4,12/05/2021,Internet software & services,San Francisco,United States,North America,2014,0.434
Highspot,4,22/02/2021,Internet software & services,Seattle,United States,North America,2013,0.643
Indigo Ag,4,26/09/2017,Artificial intelligence,Boston,United States,North America,2014,1
Mirakl,4,22/09/2020,E-commerce & direct-to-consumer,Paris,France,Europe,2011,0.948
Rec Room,4,23/03/2021,Internet software & services,Seattle,United States,North America,2016,0.294
Tekion,4,21/10/2020,Internet software & services,San Ramon,United States,North America,2016,0.435
Otto Bock HealthCare,4,24/06/2017,Health,Duderstadt,Germany,Europe,1919,0
Outreach,4,16/04/2019,Internet software & services,Seattle,United States,North America,2011,0.489
WeRide,4,23/12/2020,Auto & transportation,Guangzhou,China,Asia,2017,1
Applied Intuition,4,22/10/2020,Data management & analytics,Sunnyvale,United States,North America,2017,0.352
Course Hero,4,12/02/2020,Edtech,Redwood City,United States,North America,2006,0.477
Relativity,4,18/03/2021,Internet software & services,Chicago,United States,North America,2001,0.125
Whoop,4,28/10/2020,E-commerce & direct-to-consumer,Boston,United States,North America,2012,0.404
Arctic Wolf Networks,4,22/10/2020,Cybersecurity,Eden Prairie,United States,North America,2012,0.498
GOAT,4,23/09/2020,E-commerce & direct-to-consumer,Culver City,United States,North America,2015,0.493
Noom,4,24/05/2021,Health,New York,United States,North America,2006,0.657
Papaya Global,4,04/03/2021,Internet software & services,New York,United States,North America,2016,0.44
Redwood Materials,4,28/07/2021,Other,Carson City,United States,North America,2017,0.792
ShareChat,4,08/04/2021,Internet software & services,Bengaluru,India,Asia,2015,1
Sorare,4,21/09/2021,E-commerce & direct-to-consumer,Paris,France,Europe,2019,0.739
VAST Data,4,16/04/2020,Data management & analytics,New York,United States,North America,2016,0.263
Articulate,4,01/07/2021,Edtech,New York,United States,North America,2015,2
Dutchie,4,16/03/2021,E-commerce & direct-to-consumer,Bend,United States,North America,2017,0.603
FalconX,4,10/08/2021,Fintech,San Mateo,United States,North America,2018,0.324
Guild Education,4,13/11/2019,Internet software & services,Denver,United States,North America,2015,0.379
Chainalysis,4,23/11/2020,Fintech,New York,United States,North America,2014,0.367
dbt Labs,4,30/06/2021,Data management & analytics,Philadelphia,United States,North America,2016,0.414
Globalization Partners,4,24/01/2022,Internet software & services,Boston,United States,North America,2012,0.35
Intarcia Therapeutics,4,01/04/2014,Health,Boston,United States,North America,1995,1
Relativity Space,4,23/11/2020,Other,Inglewood,United States,North America,2016,1
StockX,4,26/06/2019,E-commerce & direct-to-consumer,Detroit,United States,North America,2016,0.495
ThoughtSpot,4,08/05/2018,Internet software & services,Sunnyvale,United States,North America,2012,0.664
SSENSE,4,08/06/2021,E-commerce & direct-to-consumer,Montreal,Canada,North America,2003,
BitPanda,4,16/03/2021,Fintech,Vienna,Austria,Europe,2014,0.546
Dataminr,4,04/06/2018,Artificial intelligence,New York,United States,North America,2009,1
Weee!,4,16/03/2021,"Supply chain, logistics, & delivery",Fremont,United States,North America,2015,0.864
Medlinker,4,31/07/2018,Health,Chengdu,China,Asia,2014,0.761
Hozon Auto,4,22/02/2022,Auto & transportation,Shanghai,China,Asia,2014,2
Aurora Solar,4,24/05/2021,Internet software & services,San Francisco,United States,North America,2013,0.523
Branch,4,10/09/2018,Mobile & telecommunications,Redwood City,United States,North America,2014,0.667
BrowserStack,4,16/06/2021,Internet software & services,Dublin,Ireland,Europe,2011,0.25
Cerebras Systems,4,14/11/2018,Hardware,Los Altos,United States,North America,2016,0.72
ClickUp,4,15/12/2020,Internet software & services,San Diego,United States,North America,2017,0.535
Clubhouse,4,24/01/2021,Mobile & telecommunications,San Francisco,United States,North America,2020,0.11
Farmers Business Network,4,03/08/2020,Other,San Carlos,United States,North America,2014,0.87
Houzz,4,30/09/2014,E-commerce & direct-to-consumer,Palo Alto,United States,North America,2008,0.614
MEGVII,4,31/10/2017,Artificial intelligence,Beijing,China,Asia,2011,1
Melio,4,25/01/2021,Fintech,New York,United States,North America,2018,0.504
Next Insurance,4,07/10/2019,Fintech,Palo Alto,United States,North America,2016,0.881
Olive,4,01/12/2020,Internet software & services,Columbus,United States,North America,2012,0.856
Patreon,4,02/09/2020,Internet software & services,San Francisco,United States,North America,2013,0.413
PointClickCare,4,07/01/2021,Internet software & services,Mississauga,Canada,North America,2000,0.23
Rubrik,4,28/04/2017,Data management & analytics,Palo Alto,United States,North America,2014,0.553
Vuori,4,13/10/2021,E-commerce & direct-to-consumer,Carlsbad,United States,North America,2015,0.445
Webflow,4,13/01/2021,Internet software & services,San Francisco,United States,North America,2012,0.335
Yuga Labs,4,22/03/2022,Fintech,Miami,United States,North America,2021,0.45
Zapier,4,14/01/2021,Internet software & services,Sunnyvale,United States,North America,2011,0.001
Dadi Cinema,3,11/05/2016,Other,Shenzhen,China,Asia,2006,0.154
Kurly,3,09/07/2021,"Supply chain, logistics, & delivery",Seoul,South Korea,Asia,2014,0.77
Moglix,3,17/05/2021,E-commerce & direct-to-consumer,,Singapore,Asia,2015,0.471
OpenAI,3,22/07/2019,Artificial intelligence,San Francisco,United States,North America,2015,1
Upstox,3,29/11/2021,Fintech,Mumbai,India,Asia,2010,0.054
Vista Global,3,23/08/2017,Other,Dubai,United Arab Emirates,Asia,2004,0.418
Yixia,3,24/11/2015,Mobile & telecommunications,Beijing,China,Asia,2011,0.775
Automattic,3,27/05/2013,Internet software & services,San Francisco,United States,North America,2005,0.859
OakNorth Bank,3,12/10/2017,Fintech,London,United Kingdom,Europe,2015,1
Worldcoin,3,29/06/2021,Fintech,San Francisco,United States,North America,2019,0.125
Hive Box,3,23/01/2018,"Supply chain, logistics, & delivery",Shenzhen,China,Asia,2015,1
Trax,3,22/07/2019,Artificial intelligence,,Singapore,Asia,2010,1
MessageBird,3,08/10/2020,Mobile & telecommunications,Amsterdam,Netherlands,Europe,2011,1
Cohesity,3,11/06/2018,Data management & analytics,San Jose,United States,North America,2013,0.66
Cybereason,3,06/08/2019,Cybersecurity,Boston,United States,North America,2012,0.714
A24 Films,3,09/03/2022,Other,New York,United States,North America,2012,0.225
Acronis,3,18/09/2019,Cybersecurity,Schaffhausen,Switzerland,Europe,2003,0.408
Aura,3,09/06/2021,Cybersecurity,Burlington,United States,North America,2019,0.5
BYTON,3,20/04/2018,Auto & transportation,Nanjing,China,Asia,2016,1
Cato Networks,3,17/11/2020,Cybersecurity,Tel Aviv,Israel,Asia,2015,0.532
Digit Insurance,3,15/01/2021,Fintech,Bengaluru,India,Asia,2016,0.531
Fetch Rewards,3,31/03/2021,E-commerce & direct-to-consumer,Madison,United States,North America,2014,0.582
Games24x7,3,30/03/2022,Internet software & services,Mumbai,India,Asia,2006,0.075
GoStudent,3,22/06/2021,Edtech,Vienna,Austria,Europe,2017,0.685
Immutable,3,07/03/2022,Fintech,Sydney,Australia,Oceania,2018,0.28
Infra.Market,3,25/02/2021,E-commerce & direct-to-consumer,Thane,India,Asia,2016,0.274
Side,3,22/03/2021,Internet software & services,San Francisco,United States,North America,2017,0.314
SiFive,3,16/03/2022,Hardware,San Mateo,United States,North America,2015,0.366
Somatus,3,23/02/2022,Health,McLean,United States,North America,2016,0.465
Sysdig,3,28/04/2021,Cybersecurity,San Francisco,United States,North America,2013,0.73
Uniphore,3,16/02/2022,Artificial Intelligence,Palo Alto,United States,North America,2008,0.607
Varo Bank,3,09/09/2021,Fintech,San Francisco,United States,North America,2015,0.987
Vercel,3,23/06/2021,Internet software & services,San Francisco,United States,North America,2015,0.313
Oura,3,05/04/2022,Health,Oulu,Finland,Europe,2013,0.148
Unacademy,3,02/09/2020,Edtech,Bengaluru,India,Asia,2015,0.789
Axonius,3,01/03/2021,Cybersecurity,New York,United States,North America,2017,0.395
Clari,3,03/03/2021,Internet software & services,Sunnyvale,United States,North America,2012,0.496
ManoMano,3,05/07/2021,E-commerce & direct-to-consumer,Paris,France,Europe,2013,0.706
Pendo,3,17/10/2019,Internet software & services,Raleigh,United States,North America,2013,0.357
Plume,3,23/02/2021,Internet software & services,Palo Alto,United States,North America,2015,0.722
JumpCloud,3,13/09/2021,Data management & analytics,Louisville,United States,North America,2012,0.407
Project44,3,01/06/2021,"Supply chain, logistics, & delivery",Chicago,United States,North America,2014,0.818
Sourcegraph,3,13/07/2021,Internet software & services,San Francisco,United States,North America,2013,0.248
OwnBackup,3,28/01/2021,Data management & analytics,Englewood Cliffs,United States,North America,2015,0.507
Starburst,3,06/01/2021,Data management & analytics,Boston,United States,North America,1999,0.414
Youxia Motors,3,02/04/2018,Auto & transportation,Shanghai,China,Asia,2014,1
Zetwerk,3,20/08/2021,Internet software & services,Bengaluru,India,Asia,2018,0.543
Cars24,3,24/11/2020,E-commerce & direct-to-consumer,Gurgaon,India,Asia,2015,1
Ethos,3,11/05/2021,Fintech,San Francisco,United States,North America,2016,0.407
Komodo Health,3,22/05/2020,Health,San Francisco,United States,North America,2014,0.314
Nextiva,3,14/09/2021,Internet software & services,Scottsdale,United States,North America,2008,0.2
o9 Solutions,3,28/04/2020,Artificial intelligence,Dallas,United States,North America,2009,0.417
Scopely,3,29/10/2019,Mobile & telecommunications,Culver City,United States,North America,2011,0.999
Sila Nanotechnologies,3,16/04/2019,Other,Alameda,United States,North America,2011,0.88
Via,3,30/03/2020,Auto & transportation,New York,United States,North America,2012,0.777
Transmit Security,3,22/06/2021,Cybersecurity,Tel Aviv,Israel,Asia,2014,0.583
BlockDaemon,3,21/09/2021,Fintech,Los Angeles,United States,North America,2016,0.398
Convoy,3,21/09/2018,"Supply chain, logistics, & delivery",Seattle,United States,North America,2015,0.666
Dream Games,3,30/06/2021,Mobile & telecommunications,Istanbul,Turkey,Europe,2019,0.468
Illumio,3,14/04/2015,Cybersecurity,Sunnyvale,United States,North America,2013,0.558
MasterClass,3,13/05/2021,Edtech,San Francisco,United States,North America,2015,0.461
Graphcore,3,18/12/2018,Artificial intelligence,Bristol,United Kingdom,Europe,2016,0.682
ApplyBoard,3,05/05/2020,Edtech,Kitchener,Canada,North America,2015,0.483
Blockstream,3,24/08/2021,Fintech,Vancouver,Canada,North America,2014,0.299
Cedar,3,09/03/2021,Fintech,New York,United States,North America,2016,0.326
ContentSquare,3,25/05/2021,Internet software & services,Paris,France,Europe,2012,0.812
Eruditus Executive Education,3,12/08/2021,Edtech,Mumbai,India,Asia,2010,0.591
Innovaccer,3,19/02/2021,Health,San Francisco,United States,North America,2014,0.379
Ironclad,3,18/01/2022,Internet software & services,Sacramento,United States,North America,2014,0.334
Skims,3,09/04/2021,E-commerce & direct-to-consumer,Los Angeles,United States,North America,2019,0.399
Thumbtack,3,29/09/2015,E-commerce & direct-to-consumer,San Francisco,United States,North America,2008,0.698
Zipline,3,20/05/2019,"Supply chain, logistics, & delivery",South San Francisco,United States,North America,2014,0.483
BharatPe,3,30/07/2021,Fintech,New Delhi,India,Asia,2018,0.6
DriveWealth,3,20/08/2021,Fintech,Chatham,United States,North America,2012,0.551
Flink Food,3,01/12/2021,E-commerce & direct-to-consumer,Berlin,Germany,Europe,2021,1
PsiQuantum,3,27/07/2021,Hardware,Palo Alto,United States,North America,2016,0.665
SpotOn,3,26/05/2021,Fintech,San Francisco,United States,North America,2017,0.628
Gorillas,3,25/03/2021,E-commerce & direct-to-consumer,Berlin,Germany,Europe,2020,1
HighRadius,3,07/01/2020,Fintech,Houston,United States,North America,2006,0.475
Loft,3,03/01/2020,E-commerce & direct-to-consumer,Sao Paulo,Brazil,South America,2018,0.788
Nuvemshop,3,17/08/2021,E-commerce & direct-to-consumer,Sao Paulo,Brazil,South America,2011,0.628
Udaan,3,04/09/2018,"Supply chain, logistics, & delivery",Bengaluru,India,Asia,2016,1
Workrise,3,30/09/2019,Internet software & services,Austin,United States,North America,2014,0.722
ActiveCampaign,3,21/04/2021,Internet software & services,Chicago,United States,North America,2003,0.36
Age of Learning,3,03/05/2016,Edtech,Glendale,United States,North America,2007,0.5
Amber Group,3,21/06/2021,Fintech,,Hong Kong,Asia,2015,0.328
Anchorage Digital,3,15/12/2021,Fintech,San Francisco,United States,North America,2017,0.487
BlockFi,3,11/03/2021,Fintech,Jersey City,United States,North America,2017,1
Calendly,3,26/01/2021,Internet software & services,Atlanta,United States,North America,2013,0.351
Carbon Health,3,21/07/2021,Health,San Francisco,United States,North America,2015,0.523
Circle,3,15/05/2018,Fintech,Boston,United States,North America,2013,0.711
CMR Surgical,3,17/09/2019,Health,Cambridge,United Kingdom,Europe,2014,0.975
Contentful,3,28/07/2021,Internet software & services,Berlin,Germany,Europe,2013,0.333
Cross River Bank,3,11/02/2022,Fintech,Fort Lee,United States,North America,2008,0.775
Delhivery,3,27/02/2019,"Supply chain, logistics, & delivery",Gurgaon,India,Asia,2011,1
FlixBus,3,18/07/2019,Auto & transportation,Munich,Germany,Europe,2013,1
Flutterwave,3,09/03/2021,Fintech,San Francisco,United States,North America,2016,0.474
Forter,3,19/11/2020,Cybersecurity,New York,United States,North America,2013,0.525
Grafana Labs,3,25/03/2021,Internet software & services,New York,United States,North America,2014,0.535
Groww,3,07/04/2021,Fintech,Bengaluru,India,Asia,2017,0.393
Inxeption,3,13/01/2022,Fintech,San Francisco,United States,North America,2017,0.187
KK Group,3,23/10/2019,E-commerce & direct-to-consumer,Dongguan,China,Asia,2014,0.612
Lattice,3,23/03/2021,Internet software & services,San Francisco,United States,North America,2015,0.329
LaunchDarkly,3,10/08/2021,Internet software & services,Oakland,United States,North America,2014,0.33
Lucid,3,29/06/2021,Internet software & services,South Jordan,United States,North America,2010,0.17
Outschool,3,14/04/2021,Edtech,San Francisco,United States,North America,2015,0.24
Podium,3,07/04/2020,Internet software & services,Lehi,United States,North America,2014,0.419
Remote,3,13/07/2021,Fintech,San Francisco,United States,North America,2016,0.496
Seismic,3,18/12/2018,Internet software & services,San Diego,United States,North America,2010,0.427
Sky Mavis,3,04/10/2021,Internet software & services,Ho Chi Minh City,Vietnam,Asia,2019,0.311
SouChe Holdings,3,01/11/2017,E-commerce & direct-to-consumer,Hangzhou,China,Asia,2012,1
TradingView,3,14/10/2021,Fintech,Westerville,United States,North America,2011,0.339
Traveloka,3,01/01/2017,Travel,Jakarta,Indonesia,Asia,2012,1
wefox,3,05/03/2019,Fintech,Berlin,Germany,Europe,2014,0.919
Wildlife Studios,3,05/12/2019,Other,Sao Paulo,Brazil,South America,2011,0.18
1047 Games,2,14/09/2021,Internet software & services,Zephyr Cove,United States,North America,2017,0.127
Baiwang,2,25/03/2019,Fintech,Beijing,China,Asia,2015,0.224
Boba,2,05/04/2022,Fintech,San Francisco,United States,North America,2018,0.045
Bought By Many,2,01/06/2021,Fintech,London,United Kingdom,Europe,2012,0.477
Cambridge Mobile Telematics,2,19/12/2018,Mobile & telecommunications,Cambridge,United States,North America,2010,0.503
Carzone,2,01/03/2019,E-commerce & direct-to-consumer,Jiangsu,China,Asia,1995,0.946
CFGI,2,15/09/2021,Fintech,Boston,United States,North America,2000,0.019
Cgtz,2,21/02/2017,Fintech,Hangzhou,China,Asia,2014,0.536
Changingedu,2,30/10/2017,Edtech,Shanghai,China,Asia,2014,0.188
eDaili,2,01/02/2019,E-commerce & direct-to-consumer,Shanghai,China,Asia,2015,0.101
ENOVATE,2,15/04/2019,Auto & transportation,Shanghai,China,Asia,2015,1
Fenbi Education,2,07/02/2021,Edtech,Beijing,China,Asia,2015,0.39
Hesai Tech,2,01/08/2020,Artificial intelligence,Shanghai,China,Asia,2013,0.717
Il Makiage,2,10/01/2022,E-commerce & direct-to-consumer,New York,United States,North America,2018,0.029
Iluvatar CoreX,2,01/03/2021,Hardware,Shanghai,China,Asia,2015,0.186
Jusfoun Big Data,2,09/07/2018,Data management & analytics,Beijing,China,Asia,2010,0.137
Pagaya,2,17/06/2020,Fintech,Tel Aviv,Israel,Asia,2015,0.417
PolicyBazaar,2,06/05/2019,Fintech,Gurgaon,India,Asia,2008,0.634
Promasidor Holdings,2,08/11/2016,Consumer & retail,Bryanston,South Africa,Asia,1979,0.556
Tubatu.com,2,09/03/2015,E-commerce & direct-to-consumer,Shenzhen,China,Asia,2008,0.216
Ximalaya FM,2,22/09/2017,Mobile & telecommunications,Shanghai,China,Asia,2012,0.071
HEYTEA,2,01/07/2019,Other,Shenzhen,China,Asia,2012,0.594
BGL Group,2,24/11/2017,Fintech,Peterborough,United Kingdom,Europe,1992,0.696
Claroty,2,17/06/2021,Cybersecurity,New York,United States,North America,2015,0.64
Improbable,2,11/05/2017,Other,London,United Kingdom,Europe,2012,0.754
InMobi,2,02/12/2014,Mobile & telecommunications,Bengaluru,India,Asia,2007,0.221
MindMaze,2,28/01/2016,Health,Lausanne,Switzerland,Europe,2012,0.34
Ninja Van,2,27/09/2021,"Supply chain, logistics, & delivery",,Singapore,Asia,2014,0.975
Pantheon Systems,2,13/07/2021,Internet software & services,San Francisco,United States,North America,2010,0.2
SellerX,2,09/12/2021,E-commerce & direct-to-consumer,Berlin,Germany,Europe,2020,0.766
AppDirect,2,07/10/2015,E-commerce & direct-to-consumer,San Francisco,United States,North America,2009,0.431
BrewDog,2,10/04/2017,Consumer & retail,Aberdeen,United Kingdom,Europe,2007,0.233
Enflame,2,05/01/2021,Hardware,Shanghai,China,Asia,2018,0.472
Tradeshift,2,30/05/2018,Fintech,San Francisco,United States,North America,2009,0.861
HeartFlow,2,04/12/2017,Health,Redwood City,United States,North America,2007,0.568
Extend,2,18/05/2021,Fintech,San Francisco,United States,North America,2004,0.32
Airbyte,2,17/12/2021,Internet software & services,San Francisco,United States,North America,2020,0.181
Andela,2,29/09/2021,Internet software & services,New York,United States,North America,2014,0.381
Ascend Money,2,27/09/2021,Fintech,Bangkok,Thailand,Asia,2013,0.15
Athelas,2,31/01/2022,Health,Mountain View,United States,North America,2016,0.15
Built,2,30/09/2021,Internet software & services,Nashville,United States,North America,2015,0.289
candy.com,2,21/10/2021,Fintech,New York,United States,North America,2021,0.1
Cognite,2,19/05/2021,Data management & analytics,Lysaker,Norway,Europe,2016,0.225
CoinList,2,15/10/2021,Fintech,San Francisco,United States,North America,2017,0.119
Collective Health,2,17/06/2019,Fintech,San Francisco,United States,North America,2013,0.719
Culture Amp,2,29/07/2021,Internet software & services,Richmond,Australia,Oceania,2011,0.257
Devo,2,26/10/2021,Data management & analytics,Cambridge,United States,North America,2011,0.381
ElasticRun,2,07/02/2022,"Supply chain, logistics, & delivery",Pune,India,Asia,2016,0.435
Gett,2,24/05/2016,Auto & transportation,London,United Kingdom,Europe,2010,0.828
ID.me,2,19/03/2021,Cybersecurity,McLean,United States,North America,2010,0.142
impact.com,2,13/07/2021,Internet software & services,Santa Barbara,United States,North America,2008,0.261
Ledger,2,10/06/2021,Hardware,Paris,France,Europe,2014,0.466
Lusha,2,10/11/2021,Internet software & services,New York,United States,North America,2016,0.245
Matillion,2,15/09/2021,Data management & analytics,Altrincham,United Kingdom,Europe,2011,0.31
MOLOCO,2,29/04/2021,Artificial intelligence,Redwood City,United States,North America,2013,0.192
Mu Sigma,2,07/02/2013,Data management & analytics,Northbrook,United States,North America,2004,0.211
Next Silicon,2,14/06/2021,Hardware,Tel Aviv,Israel,Asia,2018,0.203
NotCo,2,26/07/2021,Artificial Intelligence,Santiago,Chile,South America,2015,0.37
Olist,2,15/12/2021,E-commerce & direct-to-consumer,Curitiba,Brazil,South America,2015,0.32
Pacaso,2,24/03/2021,Fintech,Cincinnati,United States,North America,2020,0.217
Paradox,2,27/12/2021,Internet software & services,Scottsdale,United States,North America,2016,0.253
Persona,2,15/09/2021,Cybersecurity,San Francisco,United States,North America,2018,0.218
SmartRecruiters,2,20/07/2021,Internet software & services,San Francisco,United States,North America,2010,0.225
Snapdocs,2,25/05/2021,Fintech,San Francisco,United States,North America,2012,0.253
Solugen,2,10/09/2021,Other,Houston,United States,North America,2016,0.435
StoreDot,2,04/01/2022,Other,Herzliya,Israel,Asia,2012,0.19
Strava,2,16/11/2020,Internet software & services,San Francisco,United States,North America,2009,0.152
Temporal,2,16/02/2022,Internet software & services,Bellevue,United States,North America,2019,0.129
TuJia,2,17/06/2015,Travel,Beijing,China,Asia,2011,0.755
Uplight,2,03/03/2021,Other,Boulder,United States,North America,2019,
Veho,2,21/12/2021,"Supply chain, logistics, & delivery",Boulder,United States,North America,2016,0.299
Veriff,2,26/01/2022,Artificial intelligence,Tallinn,Estonia,Europe,2015,0.177
Whatnot,2,16/09/2021,E-commerce & direct-to-consumer,Marina del Rey,United States,North America,2019,0.225
Zenoti,2,15/12/2020,Internet software & services,Bellevue,United States,North America,2010,0.331
Zeta,2,24/05/2021,Fintech,San Francisco,United States,North America,2015,0.34
Loom,2,20/05/2021,Internet software & services,San Francisco,United States,North America,2016,0.204
Mobile Premier League,2,15/09/2021,Internet software & services,Bengaluru,India,Asia,2018,0.376
Uala,2,13/08/2021,Fintech,Buenos Aires,Argentina,South America,2017,0.544
Wenheyou,2,17/04/2021,Other,Hunan,China,Asia,2013,0.09
Star Charge,2,19/05/2021,Auto & transportation,Changzhou,China,Asia,2014,0.125
ABL Space Systems,2,25/03/2021,Other,El Segundo,United States,North America,2017,0.419
Afiniti,2,14/04/2017,Artificial intelligence,Hamilton,Bermuda,North America,2006,0.12
ASAPP,2,19/05/2021,Artificial intelligence,New York,United States,North America,2014,0.38
BitSight Technologies,2,13/09/2021,Cybersecurity,Boston,United States,North America,2013,0.401
Cao Cao Mobility,2,17/01/2018,Auto & transportation,Hangzhou,China,Asia,2015,0.744
Capitolis,2,22/03/2022,Fintech,New York,United States,North America,2017,0.282
Carbon,2,20/08/2015,Hardware,Redwood City,United States,North America,2013,0.682
Clio,2,27/04/2021,Internet software & services,Burnaby,Canada,North America,2008,0.386
Cresta,2,17/03/2022,Artificial Intelligence,San Francisco,United States,North America,2017,0.151
Exabeam,2,01/06/2021,Cybersecurity,Foster City,United States,North America,2013,0.39
ezCater,2,02/04/2019,"Supply chain, logistics, & delivery",Boston,United States,North America,2007,0.421
HomeLight,2,02/09/2021,Fintech,San Francisco,United States,North America,2012,0.219
HoneyBook,2,04/05/2021,Internet software & services,San Francisco,United States,North America,2013,0.498
Infinidat,2,29/04/2015,Hardware,Waltham,United States,North America,2011,0.325
Mercury,2,03/07/2021,Fintech,San Francisco,United States,North America,2019,0.152
Paxos,2,29/04/2021,Fintech,New York,United States,North America,2012,0.538
SafetyCulture,2,03/05/2021,Internet software & services,Sydney,Australia,Oceania,2004,0.222
SmartHR,2,08/06/2021,Fintech,Tokyo,Japan,Asia,2013,0.19
Tonal,2,31/03/2021,E-commerce & direct-to-consumer,San Francisco,United States,North America,2015,0.45
Truepill,2,27/10/2021,Health,Hayward,United States,North America,2016,0.255
Unite Us,2,16/03/2021,Health,New York,United States,North America,2014,0.195
Verkada,2,29/01/2020,Cybersecurity,San Mateo,United States,North America,2016,0.139
Wayflyer,2,01/02/2022,Fintech,Dublin,Ireland,Europe,2019,0.236
Zhubajie,2,16/06/2015,Internet software & services,Chongqing,China,Asia,2006,0.445
Transcarent,2,11/01/2022,Health,San Francisco,United States,North America,2020,0.298
Trader Interactive,2,12/05/2021,Other,Norfolk,United States,North America,2017,0.624
Glossier,2,19/03/2019,Consumer & retail,New York,United States,North America,2014,0.266
Hibob,2,12/10/2021,Internet software & services,Tel Aviv,Israel,Asia,2015,0.274
Jobandtalent,2,01/12/2021,Internet software & services,Madrid,Spain,Europe,2009,0.902
Optimism,2,17/03/2022,Internet software & services,San Francisco,United States,North America,2019,0.179
solarisBank,2,13/07/2021,Fintech,Berlin,Germany,Europe,2016,0.403
WEMAKEPRICE,2,09/09/2015,E-commerce & direct-to-consumer,Seoul,South Korea,Asia,2009,0.397
Alan,2,19/04/2021,Fintech,Paris,France,Europe,2016,0.364
Biren Technology,2,18/08/2020,Hardware,Shanghai,China,Asia,2019,0.285
Voodoo,2,17/08/2020,Other,Paris,France,Europe,2013,0.517
Carsome,2,12/07/2021,E-commerce & direct-to-consumer,Selangor,Malaysia,Asia,2015,0.577
CircleCI,2,11/05/2021,Internet software & services,San Francisco,United States,North America,2011,0.315
DealShare,2,27/01/2022,E-commerce & direct-to-consumer,Bengaluru,India,Asia,2018,0.612
DispatchHealth,2,03/03/2021,Health,Denver,United States,North America,2013,0.403
Dragos,2,28/10/2021,Cybersecurity,Hanover,United States,North America,2016,0.358
Gousto,2,03/11/2020,"Supply chain, logistics, & delivery",London,United Kingdom,Europe,2012,0.311
H2O.ai,2,07/11/2021,Artificial intelligence,Mountain View,United States,North America,2011,0.251
Harness,2,14/01/2021,Artificial intelligence,San Francisco,United States,North America,2016,0.195
Harry's,2,16/02/2018,Consumer & retail,New York,United States,North America,2013,0.792
PAX,2,22/10/2018,Consumer & retail,San Francisco,United States,North America,2007,0.542
Productboard,2,02/02/2022,Internet software & services,San Francisco,United States,North America,2014,0.261
Reltio,2,04/11/2021,Data management & analytics,Redwood City,United States,North America,2011,0.237
Spotter,2,16/02/2022,Fintech,Los Angeles,United States,North America,2019,0.231
Vestiaire Collective,2,01/03/2021,E-commerce & direct-to-consumer,Paris,France,Europe,2009,0.663
Wave,2,07/09/2021,Fintech,Dakar,Senegal,Africa,2018,0.2
ZenBusiness,2,09/11/2021,Fintech,Austin,United States,North America,2015,0.275
Bowery Farming,2,25/05/2021,Other,New York,United States,North America,2015,0.497
Greenlight,2,24/09/2020,Fintech,Atlanta,United States,North America,2014,0.557
KeepTruckin,2,23/04/2019,"Supply chain, logistics, & delivery",San Francisco,United States,North America,2013,0.417
Odoo,2,29/07/2021,Internet software & services,Louvain-la-Neuve,Belgium,Europe,2005,0.229
Skydance Media,2,11/02/2020,Other,Santa Monica,United States,North America,2010,0.275
Uptake,2,27/10/2015,Artificial intelligence,Chicago,United States,North America,2014,0.218
MoMo,2,10/12/2021,Fintech,Ho Chi Minh City,Vietnam,Asia,2013,0.434
Algolia,2,28/07/2021,Internet software & services,San Francisco,United States,North America,2012,0.334
Pattern,2,06/10/2021,Internet software & services,Lehi,United States,North America,2013,0.277
Spinny,2,24/11/2021,E-commerce & direct-to-consumer,Gurugram,India,Asia,2015,0.509
Trulioo,2,07/06/2021,Cybersecurity,Vancouver,Canada,North America,2011,0.474
Zume,2,01/11/2018,Consumer & retail,Mountain View,United States,North America,2015,0.423
AIWAYS,2,16/04/2018,Auto & transportation,Shanghai,China,Asia,2017,0.792
Bitso,2,05/05/2021,Fintech,Mexico City,Mexico,North America,2014,0.378
BloomReach,2,23/02/2022,Artificial intelligence,Mountain View,United States,North America,2009,0.422
Current,2,27/04/2021,Fintech,New York,United States,North America,2015,0.402
Dialpad,2,06/10/2020,Internet software & services,San Francisco,United States,North America,2011,0.4
G7 Networks,2,15/02/2022,"Supply chain, logistics, & delivery",Beijing,China,Asia,2006,0.71
Gympass,2,12/06/2019,Internet software & services,New York,United States,North America,2012,0.525
MUSINSA,2,11/11/2019,E-commerce & direct-to-consumer,Seoul,South Korea,Asia,2001,0.287
NuCom Group,2,22/02/2018,Other,Unterfoehring,Germany,Europe,2016,0.55
Reify Health,2,10/08/2021,Health,Boston,United States,North America,2012,0.259
Diamond Foundry,2,29/03/2021,Other,San Francisco,United States,North America,2012,0.351
FullStory,2,04/08/2021,Internet software & services,Atlanta,United States,North America,2014,0.172
Lightricks,2,31/07/2019,Artificial intelligence,Jerusalem,Israel,Asia,2013,0.305
Opentrons,2,23/09/2021,Hardware,New York,United States,North America,2016,0.24
ZocDoc,2,20/08/2015,Health,New York,United States,North America,2007,0.374
Accelerant,2,12/01/2022,Other,Colchester,United Kingdom,Europe,2018,0.193
Huaqin Telecom Technology,2,08/10/2019,Mobile & telecommunications,Shanghai,China,Asia,2005,0.298
Addepar,2,15/06/2021,Fintech,Mountain View,United States,North America,2009,0.676
YITU Technology,2,08/03/2018,Artificial intelligence,Shanghai,China,Asia,2012,0.401
CloudWalk,2,08/09/2021,Fintech,Sao Paulo,Brazil,South America,2015,0.345
Retool,2,22/12/2021,Internet software & services,San Francisco,United States,North America,2000,0.096
Volocopter,2,04/03/2022,Auto & transportation,Bruchsal,Germany,Europe,2011,0.599
Acorns,2,09/03/2022,Fintech,Irvine,United States,North America,2012,0.507
Aledade,2,19/01/2021,Health,Bethesda,United States,North America,2014,0.295
CoinSwitch Kuber,2,06/10/2021,Fintech,Bangalore,India,Asia,2017,0.301
ConcertAI,2,29/03/2022,Artificial Intelligence,Boston,United States,North America,2018,0.3
Eightfold.ai,2,27/10/2020,Internet software & services,Santa Clara,United States,North America,2016,0.397
FirstCry,2,07/02/2020,E-commerce & direct-to-consumer,Pune,India,Asia,2010,0.441
Forto,2,21/06/2021,"Supply chain, logistics, & delivery",Berlin,Germany,Europe,2016,0.593
GoCardless,2,08/02/2022,Fintech,London,United Kingdom,Europe,2011,0.529
InVision,2,01/11/2017,Internet software & services,New York,United States,North America,2011,0.349
Jeeves,2,14/03/2022,Fintech,Orlando,United States,North America,2019,0.268
Medable,2,26/10/2021,Internet software & services,Palo Alto,United States,North America,2013,0.507
Moveworks,2,30/06/2021,Artificial intelligence,Mountain View,United States,North America,2016,0.305
MX Technologies,2,13/01/2021,Fintech,Lehi,United States,North America,2010,0.45
PayFit,2,06/01/2022,Fintech,London,United Kingdom,Europe,2016,0.496
ReCharge,2,06/05/2021,Fintech,Los Angeles,United States,North America,2017,0.277
Roofstock,2,10/03/2022,Fintech,Oakland,United States,North America,2015,0.365
Urban Company,2,27/04/2021,E-commerce & direct-to-consumer,Gurgaon,India,Asia,2014,0.371
Rokt,2,16/12/2021,Internet software & services,New York,United States,North America,2012,0.487
Starling Bank,2,08/03/2021,Fintech,London,United Kingdom,Europe,2014,0.791
Ankorstore,2,10/01/2022,E-commerce & direct-to-consumer,Paris,France,Europe,2019,0.422
4Paradigm,2,19/12/2018,Artificial intelligence,Beijing,China,Asia,2015,1
Advance Intelligence Group,2,23/09/2021,Artificial intelligence,,Singapore,Asia,2016,0.536
Aiven,2,18/10/2021,Internet software & services,Helsinki,Finland,Europe,2016,0.21
Akulaku,2,15/02/2022,E-commerce & direct-to-consumer,Jakarta,Indonesia,Asia,2014,0.438
Apeel Sciences,2,26/05/2020,Other,Goleta,United States,North America,2012,0.64
AppsFlyer,2,21/01/2020,Mobile & telecommunications,San Francisco,United States,North America,2011,0.293
Avant,2,17/12/2012,Artificial intelligence,Chicago,United States,North America,2012,0.658
Aviatrix,2,08/09/2021,Internet software & services,Santa Clara,United States,North America,2014,0.341
BlaBlaCar,2,16/09/2015,Auto & transportation,Paris,France,Europe,2006,0.449
Black Sesame Technologies,2,22/09/2021,Artificial intelligence,Shanghai,China,Asia,2016,0.115
Bunq,2,18/06/2021,Fintech,Amsterdam,Netherlands,Europe,2013,0.281
Calm,2,06/02/2019,Consumer & retail,San Francisco,United States,North America,2012,0.218
Chipper Cash,2,31/05/2021,Fintech,San Francisco,United States,North America,2017,0.302
Clearco,2,20/04/2021,Fintech,Toronto,Canada,North America,2015,0.433
ClickHouse,2,28/10/2021,Data management & analytics,Portola Valley,United States,North America,2021,0.3
Clip,2,10/06/2021,Fintech,Mexico City,Mexico,North America,2012,0.381
Cloudinary,2,15/02/2022,Internet software & services,Santa Clara,United States,North America,2011,0.1
Deliverr,2,22/11/2021,"Supply chain, logistics, & delivery",San Francisco,United States,North America,2017,0.456
Divvy Homes,2,13/08/2021,Fintech,San Francisco,United States,North America,2017,0.37
Dremio,2,06/01/2021,Data management & analytics,Santa Clara,United States,North America,2015,0.41
Druva,2,20/06/2019,Data management & analytics,Sunnyvale,United States,North America,2007,0.475
Everlaw,2,10/03/2020,Internet software & services,Oakland,United States,North America,2010,0.299
Exotec,2,17/01/2022,Hardware,Croix,France,Europe,2015,0.45
Formlabs,2,01/08/2018,Hardware,Somerville,United States,North America,2011,0.251
Guoquan Shihui,2,17/03/2021,Consumer & retail,Shanghai,China,Asia,2017,0.523
Hive,2,21/04/2021,Artificial intelligence,San Francisco,United States,North America,2013,0.121
HuiMin,2,05/09/2016,E-commerce & direct-to-consumer,Beijing,China,Asia,2013,0.517
ISN,2,17/12/2020,"Supply chain, logistics, & delivery",Dallas,United States,North America,2001,
Iterable,2,15/06/2021,Internet software & services,San Francisco,United States,North America,2013,0.342
Kajabi,2,04/05/2021,Internet software & services,Irvine,United States,North America,2010,0.55
Kaseya,2,27/03/2019,Cybersecurity,Miami,United States,North America,2000,0.545
Keep,2,19/05/2020,Mobile & telecommunications,Beijing,China,Asia,2014,0.614
KRY,2,27/04/2021,Health,Stockholm,Sweden,Europe,2014,0.569
Loggi,2,05/06/2019,"Supply chain, logistics, & delivery",Sao Paulo,Brazil,South America,2013,0.507
LTK,2,22/11/2021,Internet software & services,Dallas,United States,North America,2011,0.315
Lunar,2,12/07/2021,Fintech,Aarhus,Denmark,Europe,2015,0.448
Mafengwo,2,23/05/2019,Travel,Beijing,China,Asia,2010,0.503
Magic Leap,2,21/10/2014,Hardware,Plantation,United States,North America,2010,3
Misfits Market,2,21/04/2021,E-commerce & direct-to-consumer,Pennsauken,United States,North America,2018,0.527
Modern Treasury,2,06/10/2021,Fintech,San Francisco,United States,North America,2018,0.183
MURAL,2,20/07/2021,Internet software & services,San Francisco,United States,North America,2011,0.192
Mynt,2,01/11/2021,Fintech,Taguig City,Philippines,Asia,2015,0.475
Neo4j,2,17/06/2021,Data management & analytics,San Mateo,United States,North America,2007,0.408
Netlify,2,17/11/2021,Internet software & services,San Francisco,United States,North America,2014,0.202
OCSiAl,2,04/03/2019,Other,Leudelange,Luxembourg,Europe,2012,0.285
Opay,2,23/08/2021,Fintech,Lagos,Nigeria,Africa,2018,0.57
Pipe,2,19/05/2021,Fintech,Miami,United States,North America,2019,0.566
Preferred Networks,2,17/05/2018,Artificial intelligence,Tokyo,Japan,Asia,2014,0.147
Quora,2,21/04/2017,Internet software & services,Mountain View,United States,North America,2009,0.226
Redis Labs,2,25/08/2020,Data management & analytics,Mountain View,United States,North America,2011,0.356
SmartNews,2,05/08/2019,Mobile & telecommunications,Tokyo,Japan,Asia,2012,0.41
Spring Health,2,16/09/2021,Health,New York,United States,North America,2016,0.296
StarkWare,2,17/11/2021,Cybersecurity,Netanya,Israel,Asia,2018,0.161
SWORD Health,2,22/11/2021,Health,New York,United States,North America,2015,0.296
Tier,2,25/10/2021,Travel,Berlin,Germany,Europe,2018,0.587
Trendy Group International,2,13/02/2012,Consumer & retail,Kowloon,Hong Kong,Asia,1999,0.2
Unqork,2,06/10/2020,Fintech,New York,United States,North America,2017,0.365
VerbIT,2,08/06/2021,Artificial intelligence,New York,United States,North America,2016,0.432
Virta Health,2,02/12/2020,Health,San Francisco,United States,North America,2015,0.373
Xinchao Media,2,09/04/2018,Internet software & services,Chengdu,China,Asia,2007,0.768
Xingyun Group,2,24/09/2020,E-commerce & direct-to-consumer,Shenzhen,China,Asia,2015,0.95
XtalPi,2,11/08/2021,Artificial intelligence,Shenzhen,China,Asia,2014,0.786
Zilch,2,10/11/2021,Fintech,London,United Kingdom,Europe,2018,0.339
56PINGTAI,1,25/01/2021,"Supply chain, logistics, & delivery",Shanghai,China,Asia,2013,0.188
Alzheon,1,30/09/2020,Health,Framingham,United States,North America,2013,0.094
Aprogen,1,31/05/2019,Health,Seongnam-Si,South Korea,Asia,2000,0.062
Axtria,1,13/05/2021,Data management & analytics,Berkeley Heights,United States,North America,2009,0.206
Cell C,1,07/08/2017,Mobile & telecommunications,Midrand,South Africa,Africa,2000,0.547
China Cloud,1,11/06/2018,Hardware,Wuxi,China,Asia,2010,0.523
CredAvenue,1,07/03/2022,Fintech,Chennai,India,Asia,2017,0.227
DeepBlue Technology,1,16/04/2018,Artificial intelligence,Shanghai,China,Asia,2014,0.079
dMed Biopharmaceutical,1,12/07/2021,Health,Shanghai,China,Asia,2016,0.214
Einride,1,31/12/2021,Auto & transportation,Stockholm,Sweden,Europe,2016,0.151
EQRx,1,11/01/2021,Health,Cambridge,United States,North America,2020,0.7
Everly Health,1,03/12/2020,E-commerce & direct-to-consumer,Austin,United States,North America,2015,0.231
Fair,1,20/12/2018,Auto & transportation,Santa Monica,United States,North America,2016,2
Flipboard,1,22/07/2015,Internet software & services,Palo Alto,United States,North America,2010,0.211
Globality,1,22/01/2019,Artificial intelligence,Menlo Park,United States,North America,2015,0.31
Hosjoy,1,18/10/2018,E-commerce & direct-to-consumer,Nanjing,China,Asia,2009,0.139
Huisuanzhang,1,24/05/2021,Fintech,Beijing,China,Asia,2015,0.227
HuJiang,1,29/10/2015,Edtech,Shanghai,China,Asia,2001,0.223
Hyperchain,1,11/04/2021,Fintech,Hangzhou,China,Asia,2016,0.249
iTutorGroup,1,18/11/2015,Edtech,Shanghai,China,Asia,1998,0.315
JimuBox,1,21/04/2015,Fintech,Beijing,China,Asia,2013,0.131
Juma Peisong,1,26/11/2018,"Supply chain, logistics, & delivery",Chengdu,China,Asia,2011,0.281
Justworks,1,28/01/2020,Internet software & services,New York,United States,North America,2012,0.143
Keenon Robotics,1,15/09/2021,"Supply chain, logistics, & delivery",Shanghai,China,Asia,2010,0.229
Kuaigou Dache,1,13/07/2018,"Supply chain, logistics, & delivery",Tianjin,China,Asia,2014,0.65
LifeMiles,1,13/07/2015,Other,Bogota,Colombia,South America,2011,0.344
LinkSure Network,1,01/01/2015,Mobile & telecommunications,Shanghai,China,Asia,2013,0.052
MobiKwik,1,13/10/2021,Fintech,Gurugram,India,Asia,2009,0.249
Modernizing Medicine,1,10/05/2017,Health,Boca Raton,United States,North America,2010,0.394
OVH,1,15/08/2016,Other,Roubaix,France,Europe,1999,1
Phenom People,1,07/04/2021,Internet software & services,Ambler,United States,North America,2011,0.163
Pipa Coding,1,25/03/2021,Edtech,Beijing,China,Asia,2017,0.268
Qingting FM,1,02/06/2021,Internet software & services,Shanghai,China,Asia,2011,0.164
Rad Power Bikes,1,28/10/2021,Auto & transportation,Seattle,United States,North America,2007,0.329
Shukun Technology,1,16/08/2021,Artificial Intelligence,Beijing,China,Asia,2017,0.211
Shulan Health,1,01/03/2021,Health,Hangzhou,China,Asia,2015,0.043
SITECH DEV,1,16/05/2019,Other,Guiyang,China,Asia,2017,
Snapdeal,1,21/05/2014,E-commerce & direct-to-consumer,New Delhi,India,Asia,2008,2
SumUp,1,16/07/2019,Fintech,London,United Kingdom,Europe,2011,1
TalkingData,1,06/01/2021,Mobile & telecommunications,Beijing,China,Asia,2013,0.31
TUNGEE,1,15/12/2021,Artificial Intelligence,Guangzhou,China,Asia,2016,0.171
UISEE Technology,1,25/01/2021,"Supply chain, logistics, & delivery",Beijing,China,Asia,2016,0.154
Valgen Medtech,1,06/05/2021,Health,Hangzhou,China,Asia,2015,0.188
Vectra Networks,1,29/04/2021,Artificial intelligence,San Jose,United States,North America,2011,0.352
Venafi,1,10/12/2020,Cybersecurity,Salt Lake City,United States,North America,2000,0.174
Wacai,1,18/07/2018,Mobile & telecommunications,Hangzhou,China,Asia,2009,0.369
WeBull,1,18/02/2021,Fintech,Changsha,China,Asia,2016,0.23
WTOIP,1,08/04/2018,Internet software & services,Guangzhou,China,Asia,2013,0.307
Xiaobing,1,12/07/2021,Fintech,Beijing,China,Asia,2020,
Xiaoe Tech,1,15/06/2021,Internet software & services,Shenzhen,China,Asia,2015,0.149
Yiguo,1,09/11/2016,"Supply chain, logistics, & delivery",Shanghai,China,Asia,2005,0.8
Yimidida,1,14/01/2019,"Supply chain, logistics, & delivery",Shanghai,China,Asia,2015,0.554
Yipin Shengxian,1,11/03/2019,E-commerce & direct-to-consumer,Hefei,China,Asia,2017,0.658
Ynsect,1,21/02/2019,Other,Evry,France,Europe,2011,0.393
Hello TransTech,1,01/06/2018,Auto & transportation,Shanghai,China,Asia,2016,2
Miaoshou Doctor,1,27/06/2019,E-commerce & direct-to-consumer,Beijing,China,Asia,2015,0.947
ECARX,1,26/10/2020,Auto & transportation,Wuhan,China,Asia,2016,0.394
Eat Just,1,30/11/2017,Consumer & retail,San Francisco,United States,North America,2011,0.44
Trumid,1,15/07/2020,Fintech,New York,United States,North America,2014,0.66
Qualia,1,21/12/2020,Fintech,San Francisco,United States,North America,2015,0.16
Beisen,1,11/05/2021,Internet software & services,Beijing,China,Asia,2002,0.388
Earnix,1,21/02/2021,Fintech,Giv'atayim,Israel,Asia,2001,0.098
Kujiale,1,25/10/2019,Internet software & services,Hangzhou,China,Asia,2011,0.235
Orca Security,1,23/03/2021,Cybersecurity,Portland,United States,North America,2019,0.632
Apus Group,1,16/01/2015,Mobile & telecommunications,Beijing,China,Asia,2014,0.116
Forte Labs,1,12/05/2021,Fintech,San Francisco,United States,North America,2018,0.91
CureFit,1,10/11/2021,Health,Bengaluru,India,Asia,2016,0.665
DT Dream,1,08/06/2017,Data management & analytics,Hangzhou,China,Asia,2015,0.267
fabric,1,24/02/2022,E-commerce & direct-to-consumer,Bellevue,United States,North America,2017,0.294
JOLLY Information Technology,1,29/05/2018,E-commerce & direct-to-consumer,Hangzhou,China,Asia,2008,0.096
K Health,1,19/01/2021,Health,New York,United States,North America,2016,0.271
Mofang Living,1,13/04/2016,E-commerce & direct-to-consumer,Shanghai,China,Asia,2009,0.65
Spendesk,1,18/01/2022,Fintech,Paris,France,Europe,2015,0.314
TaxBit,1,04/08/2021,Fintech,Draper,United States,North America,2018,0.236
XiaoZhu,1,01/11/2017,Travel,Beijing,China,Asia,2012,0.572
Yijiupi,1,20/09/2018,Consumer & retail,Beijing,China,Asia,2014,0.511
YunQuNa,1,29/06/2021,"Supply chain, logistics, & delivery",Shanghai,China,Asia,2015,0.207
Bordrin Motors,1,03/06/2019,Auto & transportation,Shanghai,China,Asia,2016,0.362
Aleo,1,07/02/2022,Cybersecurity,San Francisco,United States,North America,2019,0.228
Coocaa,1,16/03/2018,Hardware,Shenzhen,China,Asia,2006,0.218
Gymshark,1,14/08/2020,E-commerce & direct-to-consumer,Solihull,United Kingdom,Europe,2012,0.262
M1 Finance,1,14/07/2021,Fintech,Chicago,United States,North America,2015,0.323
Ouyeel,1,27/06/2019,Internet software & services,Shanghai,China,Asia,2015,0.432
SonderMind,1,28/07/2021,Health,Denver,United States,North America,2014,0.183
Astranis Space Technologies,1,14/04/2021,Mobile & telecommunications,San Francisco,United States,North America,2015,0.303
Away,1,15/05/2019,E-commerce & direct-to-consumer,New York,United States,North America,2015,0.181
Cabify,1,22/01/2018,Auto & transportation,Madrid,Spain,Europe,2011,0.407
Clarify Health,1,05/04/2022,Health,San Francisco,United States,North America,2015,0.328
Coda,1,08/07/2021,Internet software & services,Mountain View,United States,North America,2014,0.24
Deezer,1,02/08/2018,Internet software & services,Paris,France,Europe,2007,0.532
Degreed,1,13/04/2021,Edtech,Pleasanton,United States,North America,2012,0.318
Deliverect,1,24/01/2022,Fintech,Ghent,Belgium,Europe,2018,0.237
Envoy,1,11/01/2022,Internet software & services,San Francisco,United States,North America,2013,0.17
Epidemic Sound,1,11/03/2021,Internet software & services,Stockholm,Sweden,Europe,2009,0.509
Figment,1,20/12/2021,Internet software & services,Toronto,Canada,North America,2018,0.165
Firebolt,1,26/01/2022,Data management & analytics,Tel Aviv,Israel,Asia,2019,0.264
Five Star Business Finance,1,26/03/2021,Other,Chennai,India,Asia,1984,0.456
GupShup,1,08/04/2021,Internet software & services,San Francisco,United States,North America,2011,0.384
Kong,1,31/12/2020,Internet software & services,San Francisco,United States,North America,2007,0.169
Koudai,1,23/10/2014,E-commerce & direct-to-consumer,Beijing,China,Asia,2010,0.368
Panther Labs,1,02/12/2021,Cybersecurity,San Francisco,United States,North America,2018,0.141
Papa,1,04/11/2021,Health,Miami,United States,North America,2016,0.241
Pristyn Care,1,07/12/2021,Health,Gurugram,India,Asia,2018,0.177
Rebel Foods,1,07/10/2021,E-commerce & direct-to-consumer,Pune,India,Asia,2011,0.521
Salt Security,1,10/02/2022,Cybersecurity,Palo Alto,United States,North America,2016,0.271
Scalable Capital,1,08/06/2021,Fintech,Munich,Germany,Europe,2014,0.314
SparkCognition,1,25/01/2022,Artificial intelligence,Austin,United States,North America,2013,0.286
Stash,1,03/02/2021,Fintech,New York,United States,North America,2015,0.426
Symphony,1,16/05/2017,Fintech,New York,United States,North America,2014,0.511
Tripledot,1,14/02/2022,Mobile & telecommunications,London,United Kingdom,Europe,2017,0.202
VideoAmp,1,21/10/2021,Internet software & services,Los Angeles,United States,North America,2014,0.382
Yidian Zixun,1,17/10/2017,Mobile & telecommunications,Beijing,China,Asia,2021,0.151
Yotpo,1,18/03/2021,Internet software & services,New York,United States,North America,2011,0.436
Neon,1,14/02/2022,Fintech,Sao Paulo,Brazil,South America,2016,0.72
Veepee,1,02/07/2007,E-commerce & direct-to-consumer,La Plaine Saint-Denis,France,Europe,2001,
Alloy,1,30/09/2021,Fintech,New York,United States,North America,2015,0.156
Epirus,1,14/02/2022,Other,Hawthorne,United States,North America,2018,0.287
Klook,1,07/08/2018,Travel,Central,Hong Kong,Asia,2014,0.722
Yaoshibang,1,15/06/2021,Health,Guangzhou,China,Asia,2015,0.496
Signifyd,1,15/04/2021,Fintech,San Jose,United States,North America,2011,0.39
Motorway,1,29/11/2021,E-commerce & direct-to-consumer,London,United Kingdom,Europe,2017,0.276
RIDI,1,24/01/2022,E-commerce & direct-to-consumer,Seoul,South Korea,Asia,2008,0.178
Athletic Greens,1,25/01/2022,Health,New York,United States,North America,2010,0.115
GPclub,1,22/10/2018,Other,Seoul,South Korea,Asia,2003,0.067
Grove Collaborative,1,06/09/2019,E-commerce & direct-to-consumer,San Francisco,United States,North America,2016,0.475
Tongdun Technology,1,25/04/2019,Cybersecurity,Hangzhou,China,Asia,2013,0.252
Unisound,1,19/07/2018,Artificial intelligence,Beijing,China,Asia,2012,0.361
Betterment,1,29/09/2021,Fintech,New York,United States,North America,2010,0.335
Cava Group,1,27/04/2021,Other,Washington,United States,North America,2010,0.738
CoinTracker,1,27/01/2022,Fintech,San Francisco,United States,North America,2017,0.102
DistroKid,1,16/08/2021,Internet software & services,New York,United States,North America,2013,
Domestika,1,27/01/2022,Internet software & services,Berkeley,United States,North America,2012,0.13
Flock Freight,1,20/10/2021,"Supply chain, logistics, & delivery",Encinitas,United States,North America,2015,0.399
InSightec,1,06/03/2020,Health,Tirat Carmel,Israel,Asia,1999,0.633
Island,1,23/03/2022,Internet software & services,Dallas,United States,North America,2020,0.215
iTrustCapital,1,11/01/2022,Fintech,Long Beach,United States,North America,2018,0.128
Konfio,1,29/09/2021,Fintech,Mexico City,Mexico,North America,2013,0.378
LinkTree,1,16/03/2022,Internet software & services,Melbourne,Australia,Oceania,2016,0.166
Loadsmart,1,01/02/2022,"Supply chain, logistics, & delivery",New York,United States,North America,2014,0.336
Lukka,1,14/01/2022,Fintech,New York,United States,North America,2014,0.201
Manner,1,24/12/2020,Other,Shanghai,China,Asia,2015,0.01
The Brandtech Group,1,19/11/2019,Other,New York,United States,North America,2015,0.61
TravelPerk,1,12/01/2022,Travel,Barcelona,Spain,Europe,2015,0.408
YugaByte,1,28/10/2021,Data management & analytics,Sunnyvale,United States,North America,2016,0.291
Intercom,1,27/03/2018,Internet software & services,San Francisco,United States,North America,2011,0.241
OVO Energy,1,14/02/2019,Other,Bristol,United Kingdom,Europe,2009,0.324
BigID,1,16/12/2020,Cybersecurity,New York,United States,North America,2015,0.246
CaptivateIQ,1,26/01/2022,Fintech,San Francisco,United States,North America,2014,0.165
Flipdish,1,13/01/2022,Internet software & services,Dublin,Ireland,Europe,2015,0.157
Honor Technology,1,05/10/2021,Internet software & services,San Francisco,United States,North America,2014,0.325
Incode Technologies,1,07/12/2021,Cybersecurity,San Francisco,United States,North America,2015,0.257
Kuaikan Manhua,1,01/12/2017,Internet software & services,Beijing,China,Asia,2014,0.594
Marshmallow,1,08/09/2021,Fintech,London,United Kingdom,Europe,2017,0.116
Mythical Games,1,04/11/2021,Internet software & services,Sherman Oaks,United States,North America,2018,0.26
Route,1,21/01/2022,"Supply chain, logistics, & delivery",Lehi,United States,North America,2018,0.482
Tackle.io,1,21/12/2021,Internet software & services,Boise,United States,North America,2016,0.148
Nexii,1,08/09/2021,Other,Vancouver,Canada,North America,2020,0.045
GalaxySpace,1,17/11/2020,Mobile & telecommunications,Beijing,China,Asia,2016,0.014
Insider,1,28/02/2022,Internet software & services,Istanbul,Turkey,Europe,2012,0.167
Spiber,1,08/09/2021,Other,Tsuruoka,Japan,Asia,2007,0.52
Ada Support,1,07/05/2021,Artificial intelligence,Toronto,Canada,North America,2016,0.191
AgentSync,1,07/12/2021,Fintech,Denver,United States,North America,2018,0.111
Alation,1,03/06/2021,Internet software & services,Redwood City,United States,North America,2012,0.192
BigPanda,1,12/01/2022,Artificial intelligence,Mountain View,United States,North America,2012,0.317
CarDekho,1,13/10/2021,E-commerce & direct-to-consumer,Jaipur,India,Asia,2008,0.448
Copado,1,13/09/2021,Data management & analytics,Chicago,United States,North America,2013,0.271
DailyPay,1,18/05/2021,Fintech,New York,United States,North America,2016,0.189
FloQast,1,21/07/2021,Fintech,Los Angeles,United States,North America,2013,0.23
Gem,1,28/09/2021,Internet software & services,San Francisco,United States,North America,2017,0.148
GrubMarket,1,14/09/2021,E-commerce & direct-to-consumer,San Francisco,United States,North America,2013,0.382
Helium Systems,1,22/02/2022,Internet software & services,San Francisco,United States,North America,2013,0.365
Inari,1,12/05/2021,Other,Cambridge,United States,North America,2016,0.337
Jokr,1,02/12/2021,E-commerce & direct-to-consumer,New York,United States,North America,2021,0.43
LivSpace,1,08/02/2022,E-commerce & direct-to-consumer,Bengaluru,India,Asia,2015,0.427
Merama,1,09/12/2021,E-commerce & direct-to-consumer,Mexico City,Mexico,North America,2020,0.345
MindTickle,1,03/08/2021,Internet software & services,San Francisco,United States,North America,2012,0.281
MyGlamm,1,10/11/2021,E-commerce & direct-to-consumer,Mumbai,India,Asia,2015,0.31
Oda,1,02/06/2021,E-commerce & direct-to-consumer,Oslo,Norway,Europe,2013,0.337
Offchain Labs,1,31/08/2021,Internet software & services,Princeton,United States,North America,2018,0.124
Phantom,1,31/01/2022,Fintech,San Francisco,United States,North America,2021,0.118
Pilot.com,1,26/03/2021,Fintech,San Francisco,United States,North America,2016,0.161
Prime Medicine,1,13/07/2021,Health,Cambridge,United States,North America,2019,0.315
Public,1,17/02/2021,Fintech,New York,United States,North America,2008,0.309
Qumulo,1,16/07/2020,Data management & analytics,Seattle,United States,North America,2012,0.347
Rohlik,1,01/07/2021,"Supply chain, logistics, & delivery",Prague,Czech Republic,Europe,2019,0.38
SeekOut,1,12/01/2022,Internet software & services,Bellevue,United States,North America,2017,0.189
SmartMore,1,24/06/2021,Artificial Intelligence,Shenzhen,China,Asia,2019,0.3
Tealium,1,03/02/2021,Internet software & services,San Diego,United States,North America,2008,0.264
UpGrad,1,09/08/2021,Edtech,Mumbai,India,Asia,2015,0.194
Workhuman,1,23/06/2020,Internet software & services,Dublin,Ireland,Europe,1999,0.009
Xpressbees,1,09/02/2022,"Supply chain, logistics, & delivery",Pune,India,Asia,2012,0.573
L&P Cosmetic,1,01/01/2016,Consumer & retail,Seoul,South Korea,Asia,2009,0.033
Mininglamp Technology,1,27/03/2019,Artificial intelligence,Beijing,China,Asia,2014,0.787
Luoji Siwei,1,20/07/2017,Edtech,Beijing,China,Asia,2012,0.144
IRL,1,15/06/2021,Internet software & services,San Francisco,United States,North America,2017,0.197
Modern Health,1,11/02/2021,Health,San Francisco,United States,North America,2017,0.167
Tuhu,1,15/09/2018,Auto & transportation,Shanghai,China,Asia,2011,0.875
CloudBees,1,09/12/2021,Data management & analytics,San Jose,United States,North America,2010,0.236
Elemy,1,06/10/2021,Health,San Francisco,United States,North America,2019,0.323
Guideline,1,16/06/2021,Fintech,San Mateo,United States,North America,2015,0.339
Happy Money,1,08/02/2022,Fintech,Tustin,United States,North America,2009,0.192
Rebellion Defense,1,16/09/2021,Artificial intelligence,Washington DC,United States,North America,2019,0.15
STORD,1,13/09/2021,"Supply chain, logistics, & delivery",Atlanta,United States,North America,2015,0.205
At-Bay,1,27/07/2021,Fintech,Mountain View,United States,North America,2016,0.292
TELD,1,16/12/2019,Fintech,Qingdao,China,Asia,2014,0.396
Acko General Insurance,1,28/10/2021,Fintech,Bengaluru,India,Asia,2016,0.458
apna,1,15/09/2021,Internet software & services,Bengaluru,India,Asia,2019,0.193
Beyond Identity,1,22/02/2022,Cybersecurity,New York,United States,North America,2019,0.205
Carousell,1,15/09/2021,E-commerce & direct-to-consumer,,Singapore,Asia,2012,0.288
Chief,1,31/03/2022,Other,New York,United States,North America,2019,0.14
CoinDCX,1,10/08/2021,Fintech,Maharashtra,India,Asia,2017,0.109
Daily Harvest,1,16/11/2021,E-commerce & direct-to-consumer,New York,United States,North America,2014,0.12
Enpal,1,18/10/2021,Internet software & services,Berlin,Germany,Europe,2017,0.304
eSentire,1,22/02/2022,Cybersecurity,Waterloo,Canada,North America,2001,0.186
Firefly Aerospace,1,04/05/2021,Other,Cedar Park,United States,North America,2014,0.172
Fundbox,1,30/11/2021,Fintech,San Francisco,United States,North America,2013,0.404
G2,1,22/06/2021,Internet software & services,Chicago,United States,North America,2012,0.258
Gaussian Robotics,1,10/11/2021,Hardware,Shanghai,China,Asia,2013,0.325
GetYourGuide,1,16/05/2019,Travel,Berlin,Germany,Europe,2009,0.656
GlobalBees,1,28/12/2021,E-commerce & direct-to-consumer,New Delhi,India,Asia,2021,0.185
Ivalua,1,21/05/2019,Fintech,Redwood City,United States,North America,2000,0.134
Juanpi,1,14/04/2016,E-commerce & direct-to-consumer,Wuhan,China,Asia,2012,0.136
Karat,1,13/10/2021,Internet software & services,Seattle,United States,North America,2014,0.169
LEAD School,1,13/01/2022,Edtech,Andheri,India,Asia,2012,0.166
Nexthink,1,08/02/2021,Data management & analytics,Prilly,Switzerland,Europe,2004,0.346
People.ai,1,11/08/2021,Internet software & services,San Francisco,United States,North America,2017,0.2
Pharmapacks,1,12/11/2020,E-commerce & direct-to-consumer,Islandia,United States,North America,2010,0.433
Rightway,1,30/03/2021,Health,New York,United States,North America,2017,0.13
Sennder,1,14/01/2021,"Supply chain, logistics, & delivery",Berlin,Germany,Europe,2015,0.34
Sisense,1,09/01/2020,Data management & analytics,New York,United States,North America,2004,0.274
Staffbase,1,15/03/2022,Internet software & services,Chemnitz,Germany,Europe,2014,0.307
Sunbit,1,20/05/2021,Fintech,Los Angeles,United States,North America,2016,0.21
TangoMe,1,20/03/2014,Mobile & telecommunications,Mountain View,United States,North America,2009,0.361
The Bank of London,1,30/11/2021,Fintech,London,United Kingdom,Europe,2018,0.09
Zego,1,09/03/2021,Fintech,London,United Kingdom,Europe,2016,0.202
Nxin,1,18/09/2018,Internet software & services,Beijing,China,Asia,2015,0.053
Mamaearth,1,28/12/2021,E-commerce & direct-to-consumer,Gurgaon,India,Asia,2016,0.111
Radius Payment Solutions,1,27/11/2017,Fintech,Crewe,United Kingdom,Europe,1990,0.2
Rivigo,1,11/07/2019,"Supply chain, logistics, & delivery",Gurgaon,India,Asia,2014,0.247
Rubicon,1,25/08/2017,Other,Atlanta,United States,North America,2008,0.223
Socar,1,16/10/2020,Auto & transportation,Jeju-do,South Korea,Asia,2012,0.408
MobileCoin,1,07/07/2021,Fintech,San Francisco,United States,North America,2018,0.107
Density,1,10/11/2021,Hardware,San Francisco,United States,North America,2014,0.217
Instabase,1,21/10/2019,Data management & analytics,San Francisco,United States,North America,2015,0.132
Jiuxian,1,30/07/2015,E-commerce & direct-to-consumer,Beijing,China,Asia,2009,0.25
Matrixport,1,01/06/2021,Fintech,,Singapore,Asia,2019,0.1
Mixpanel,1,15/11/2021,Internet software & services,San Francisco,United States,North America,2009,0.277
Sendbird,1,06/04/2021,Mobile & telecommunications,San Mateo,United States,North America,2013,0.221
OrCam Technologies,1,20/02/2018,Artificial intelligence,Jerusalem,Israel,Asia,2010,0.086
Leap Motor,1,20/11/2018,Auto & transportation,Hangzhou,China,Asia,2015,1
1KMXC,1,30/08/2021,Hardware,Hangzhou,China,Asia,2014,0.086
58 Daojia,1,12/10/2015,Internet software & services,Beijing,China,Asia,2014,0.3
Agile Robots,1,09/09/2021,Hardware,Munich,Germany,Europe,2018,0.24
Aibee,1,13/04/2021,Artificial intelligence,Beijing,China,Asia,2017,0.273
Aircall,1,23/06/2021,Internet software & services,New York,United States,North America,2014,0.226
Ajaib,1,04/10/2021,Fintech,Jakarta,Indonesia,Asia,2018,0.245
Alto Pharmacy,1,30/01/2020,Health,San Francisco,United States,North America,2015,0.524
Amagi,1,16/03/2022,Internet software & services,Bengaluru,India,Asia,2008,0.24
Amount,1,17/05/2021,Fintech,Chicago,United States,North America,2019,0.243
Amperity,1,13/07/2021,Artificial intelligence,Seattle,United States,North America,2016,0.187
Anyscale,1,07/12/2021,Artificial Intelligence,Berkeley,United States,North America,2019,0.16
Aptos,1,15/03/2022,Internet software & services,Palo Alto,United States,North America,2021,0.2
Aqua Security,1,10/03/2021,Cybersecurity,Ramat Gan,Israel,Asia,2015,0.265
Assembly,1,21/09/2021,Internet software & services,Culver City,United States,North America,2019,
Assent,1,06/01/2022,"Supply chain, logistics, & delivery",Ottawa,Canada,North America,2010,0.534
Augury,1,26/10/2021,Artificial intelligence,New York,United States,North America,2011,0.294
Axelar,1,15/02/2022,Internet software & services,Waterloo,Canada,North America,2020,0.064
Axiom Space,1,16/02/2021,Other,Houston,United States,North America,2016,0.15
Banma Network Technologies,1,13/09/2018,Auto & transportation,Shanghai,China,Asia,2015,0.697
BeiBei,1,22/01/2015,E-commerce & direct-to-consumer,Hangzhou,China,Asia,2011,0.224
BenevolentAI,1,02/06/2015,Artificial intelligence,London,United Kingdom,Europe,2013,0.292
Berlin Brands Group,1,01/09/2021,E-commerce & direct-to-consumer,Berlin,Germany,Europe,2005,0.8
Betterfly,1,01/02/2022,Artificial intelligence,Santiago,Chile,South America,2018,0.205
BitFury,1,06/11/2018,Hardware,Amsterdam,Netherlands,Europe,2011,0.17
BlackBuck,1,22/07/2021,"Supply chain, logistics, & delivery",Bengaluru,India,Asia,2015,0.352
Bluecore,1,05/08/2021,Artificial intelligence,New York,United States,North America,2013,0.238
BlueVoyant,1,23/02/2022,Cybersecurity,New York,United States,North America,2017,0.526
bolttech,1,01/07/2021,Fintech,,Singapore,Asia,2018,0.21
Boom Supersonic,1,16/12/2020,Other,Englewood,United States,North America,2014,0.241
Bringg,1,16/06/2021,"Supply chain, logistics, & delivery",Tel Aviv,Israel,Asia,2013,0.185
C2FO,1,07/08/2019,Fintech,Leawood,United States,North America,2008,0.538
Cadence,1,14/12/2021,Health,New York,United States,North America,2020,0.141
CAIS,1,11/01/2022,Fintech,New York,United States,North America,2009,0.406
Cameo,1,30/03/2021,Internet software & services,Chicago,United States,North America,2016,0.165
Capsule,1,28/04/2021,Health,New York,United States,North America,2016,0.57
CargoX,1,21/10/2021,"Supply chain, logistics, & delivery",Sao Paulo,Brazil,South America,2015,0.39
Carro,1,14/06/2021,E-commerce & direct-to-consumer,,Singapore,Asia,2015,0.595
Carson Group,1,14/07/2021,Fintech,Lincoln,United States,North America,2012,
CHEQ,1,22/02/2022,Cybersecurity,New York,United States,North America,2014,0.182
Chronosphere,1,07/10/2021,Data management & analytics,New York,United States,North America,2019,0.254
Cider,1,02/09/2021,E-commerce & direct-to-consumer,,Hong Kong,Asia,2020,0.14
Clara,1,06/12/2021,Fintech,Mexico City,Mexico,North America,2020,0.109
Clearcover,1,13/04/2021,Fintech,Chicago,United States,North America,2016,0.305
CommerceIQ,1,21/03/2022,Artificial Intelligence,Palo Alto,United States,North America,2012,0.196
Contrast Security,1,09/11/2021,Cybersecurity,Los Altos,United States,North America,2014,0.269
Darwinbox,1,25/01/2022,Internet software & services,Hyderabad,India,Asia,2015,0.107
Dental Monitoring,1,21/10/2021,Health,Paris,France,Europe,2014,0.232
DianRong,1,02/08/2017,E-commerce & direct-to-consumer,Shanghai,China,Asia,2012,0.549
Drata,1,08/11/2021,Cybersecurity,San Diego,United States,North America,2020,0.128
DriveNets,1,27/01/2021,Internet software & services,Ra'anana,Israel,Asia,2015,0.325
Dune Analytics,1,02/02/2022,Data management & analytics,Oslo,Norway,Europe,2018,0.079
Dxy.cn,1,10/04/2018,Health,Hangzhou,China,Asia,2000,0.682
EBANX,1,16/10/2019,Fintech,Curitiba,Brazil,South America,2012,0.46
EcoFlow,1,10/06/2021,Hardware,Shenzhen,China,Asia,2017,0.105
Electric,1,29/03/2022,Cybersecurity,New York,United States,North America,2016,0.209
Emerging Markets Property Group,1,28/04/2020,Other,Dubai,United Arab Emirates,Asia,2015,0.279
Esusu,1,27/01/2022,Fintech,New York,United States,North America,2015,0.145
Evidation,1,22/03/2021,Health,San Mateo,United States,North America,2012,0.259
Expel,1,18/11/2021,Cybersecurity,Herndon,United States,North America,2016,0.258
Fabric,1,26/10/2021,"Supply chain, logistics, & delivery",New York,United States,North America,2015,0.294
Feedzai,1,24/03/2021,Artificial intelligence,San Mateo,United States,North America,2009,0.277
Fever Labs,1,26/01/2022,Internet software & services,New York,United States,North America,2012,0.299
Fiture,1,14/04/2021,Health,Chengdu,China,Asia,2019,0.391
FLASH,1,16/03/2022,Fintech,Austin,United States,North America,2011,0.314
Flash Express,1,01/02/2021,"Supply chain, logistics, & delivery",Bangkok,Thailand,Asia,2017,0.35
FlashEx,1,27/08/2018,"Supply chain, logistics, & delivery",Beijing,China,Asia,2014,0.359
Fractal Analytics,1,05/01/2022,Data management & analytics,Mumbai,India,Asia,2000,0.685
Freshbooks,1,10/08/2021,Fintech,Toronto,Canada,North America,2004,0.156
FXiaoKe,1,02/07/2015,Mobile & telecommunications,Beijing,China,Asia,2011,0.283
Gauntlet Networks,1,07/03/2022,Fintech,New York,United States,North America,2018,0.045
Geek+,1,21/11/2018,Hardware,Beijing,China,Asia,2015,0.439
Gelato,1,16/08/2021,E-commerce & direct-to-consumer,Oslo,Norway,Europe,2007,0.269
Glia,1,21/03/2022,Fintech,New York,United States,North America,2012,0.152
GO1,1,19/07/2021,Internet software & services,Brisbane,Australia,Oceania,2015,0.284
Groq,1,14/04/2021,Artificial intelligence,Mountain View,United States,North America,2016,0.362
Hailo,1,12/10/2021,Artificial intelligence,Tel Aviv,Israel,Asia,2017,0.221
Haomao.AI,1,22/12/2021,Artificial Intelligence,Beijing,China,Asia,2019,0.157
Hasura,1,22/02/2022,Internet software & services,Bengaluru,India,Asia,2017,0.137
HAYDON,1,24/09/2021,Consumer & retail,Shanghai,China,Asia,2020,0.1
Heyday,1,16/11/2021,E-commerce & direct-to-consumer,Chicago,United States,North America,2017,0.8
HMD Global,1,21/05/2018,Mobile & telecommunications,Espoo,Finland,Europe,2016,0.33
Hotmart,1,17/03/2020,E-commerce & direct-to-consumer,Amsterdam,Netherlands,Europe,2011,0.127
Huike Group,1,24/05/2018,Edtech,Beijing,China,Asia,2010,0.302
Human Interest,1,04/08/2021,Fintech,San Francisco,United States,North America,2015,0.337
Ibotta,1,06/08/2019,Fintech,Denver,United States,North America,2011,0.093
iCarbonX,1,12/04/2016,Artificial intelligence,Shenzhen,China,Asia,2015,0.2
iFood,1,13/11/2018,"Supply chain, logistics, & delivery",Osasco,Brazil,South America,2011,0.592
InFarm,1,16/12/2021,Other,Berlin,Germany,Europe,2013,0.6
Infobip,1,30/07/2020,Mobile & telecommunications,Vodnjan,Croatia,Europe,2006,0.2
Injective Protocol,1,20/04/2021,Fintech,New York,United States,North America,2018,0.017
Intellifusion,1,22/03/2019,Artificial intelligence,Shenzhen,China,Asia,2014,0.173
Interos,1,22/07/2021,Fintech,Arlington,United States,North America,2005,0.135
Iodine Software,1,01/12/2021,Data management & analytics,Austin,United States,North America,2010,
JoyTunes,1,21/06/2021,Edtech,Tel Aviv,Israel,Asia,2011,0.092
Kendra Scott,1,21/12/2016,Consumer & retail,Austin,United States,North America,2002,
Kitopi,1,01/07/2021,"Supply chain, logistics, & delivery",Dubai,United Arab Emirates,Asia,2018,0.504
KnowBox,1,30/05/2019,Edtech,Beijing,China,Asia,2014,0.306
Kopi Kenangan,1,27/12/2021,Consumer & retail,Jakarta,Indonesia,Asia,2017,0.333
Lamabang,1,06/03/2015,E-commerce & direct-to-consumer,Shenzhen,China,Asia,2011,0.13
LayerZero Labs,1,30/03/2022,Internet software & services,New York,United States,North America,2021,0.143
Lessen,1,30/11/2021,Internet software & services,Scottsdale,United States,North America,2019,0.205
LetsGetChecked,1,07/06/2021,Health,Dublin,Ireland,Europe,2015,0.263
Licious,1,05/10/2021,E-commerce & direct-to-consumer,Bengaluru,India,Asia,2015,0.489
LinkDoc Technology,1,05/07/2018,Health,Beijing,China,Asia,2014,0.253
Locus Robotics,1,17/02/2021,Hardware,Wilmington,United States,North America,2014,0.299
Lookout,1,10/10/2013,Cybersecurity,San Francisco,United States,North America,2007,0.282
Lydia,1,08/12/2021,Fintech,Paris,France,Europe,2011,0.263
MadeiraMadeira,1,07/01/2021,E-commerce & direct-to-consumer,Parana,Brazil,South America,2009,0.336
Maimai,1,15/11/2017,Mobile & telecommunications,Beijing,China,Asia,2013,0.3
Mammoth Biosciences,1,09/09/2021,Health,Brisbane,United States,North America,2017,0.265
Masterworks,1,05/10/2021,Fintech,New York,United States,North America,2017,0.11
Maven Clinic,1,17/08/2021,Health,New York,United States,North America,2014,0.202
MediaMath,1,10/07/2018,Internet software & services,New York,United States,North America,2007,0.325
Meero,1,18/06/2019,Artificial intelligence,Paris,France,Europe,2016,0.293
Mensa Brands,1,16/11/2021,Other,Bengaluru,India,Asia,2021,0.218
Mia.com,1,08/09/2015,E-commerce & direct-to-consumer,Beijing,China,Asia,2011,0.232
Minio,1,26/01/2022,Data management & analytics,Palo Alto,United States,North America,2014,0.126
Mobvoi,1,06/04/2017,Consumer & retail,Beijing,China,Asia,2012,0.252
Moka,1,02/11/2021,Internet software & services,Beijing,China,Asia,2015,0.144
Momenta,1,17/10/2018,Artificial intelligence,Beijing,China,Asia,2016,1
Morning Consult,1,08/06/2021,Internet software & services,Washington DC,United States,North America,2014,0.091
Movile,1,12/07/2018,Mobile & telecommunications,Sao Paulo,Brazil,South America,1998,0.588
Mux,1,30/04/2021,Internet software & services,San Francisco,United States,North America,2015,0.174
Nature's Fynd,1,19/07/2021,Other,Chicago,United States,North America,2012,0.463
Newlink Group,1,10/07/2020,E-commerce & direct-to-consumer,Beijing,China,Asia,2016,0.655
News Break,1,07/01/2021,Internet software & services,Mountain View,United States,North America,2015,0.151
Newsela,1,25/02/2021,Internet software & services,New York,United States,North America,2013,0.172
NIUM,1,13/07/2021,Fintech,,Singapore,Asia,2014,0.285
NoBroker,1,23/11/2021,Internet software & services,Bengaluru,India,Asia,2014,0.424
Noname Security,1,15/12/2021,Cybersecurity,Palo Alto,United States,North America,2020,0.22
Numbrs,1,22/08/2019,Fintech,Zurich,Switzerland,Europe,1999,0.105
Omada Health,1,23/02/2022,Health,San Francisco,United States,North America,2011,0.449
Omio,1,23/10/2018,Travel,Berlin,Germany,Europe,2013,0.396
ONE,1,08/12/2021,Internet software & services,,Singapore,Asia,2011,0.515
OpenWeb,1,09/11/2021,Internet software & services,New York,United States,North America,2012,0.223
Orbbec Technology,1,21/05/2018,Hardware,Shenzhen,China,Asia,2013,0.2
Orca Bio,1,17/06/2020,Health,Menlo Park,United States,North America,2016,0.192
Orchard,1,09/09/2021,Fintech,New York,United States,North America,2017,0.252
Owkin,1,18/11/2021,Artificial Intelligence,New York,United States,North America,2016,0.254
PandaDoc,1,22/09/2021,Internet software & services,San Francisco,United States,North America,2016,0.051
Pat McGrath Labs,1,16/07/2018,Consumer & retail,New York,United States,North America,2016,0.06
PatSnap,1,16/03/2021,Internet software & services,,Singapore,Asia,2007,0.352
Payhawk,1,14/02/2022,Fintech,London,United Kingdom,Europe,2018,0.239
Pentera,1,11/01/2022,Cybersecurity,Petah Tikva,Israel,Asia,2015,0.19
Pet Circle,1,06/12/2021,E-commerce & direct-to-consumer,Alexandria,Australia,Oceania,2011,0.125
PicsArt,1,26/08/2021,Mobile & telecommunications,San Francisco,United States,North America,2011,0.195
PLACE,1,17/11/2021,Internet software & services,Bellingham,United States,North America,2020,0.1
Placer.ai,1,12/01/2022,Artificial intelligence,Los Altos,United States,North America,2016,0.166
Playco,1,21/09/2020,Other,Tokyo,Japan,Asia,2020,0.14
Poizon,1,29/04/2019,Mobile & telecommunications,Shanghai,China,Asia,2015,
PPRO,1,19/01/2021,Fintech,London,United Kingdom,Europe,2006,0.37
Printful,1,24/05/2021,Other,Charlotte,United States,North America,2016,0.13
Quantum Metric,1,07/01/2021,Data management & analytics,Colorado Springs,United States,North America,2015,0.226
Quizlet,1,13/05/2020,Edtech,San Francisco,United States,North America,2005,0.062
RapidAPI,1,23/03/2022,Internet software & services,San Francisco,United States,North America,2015,0.273
Razor,1,08/11/2021,Consumer & retail,Berlin,Germany,Europe,2020,0.167
Red Ventures,1,07/01/2015,Other,Fort Mill,United States,North America,2000,0.25
REEF Technology,1,10/12/2018,"Supply chain, logistics, & delivery",Miami,United States,North America,2015,2
ReliaQuest,1,01/12/2021,Cybersecurity,Tampa,United States,North America,2007,0.33
Revolution Precrafted,1,23/10/2017,Other,Manila,Philippines,Asia,2015,0.015
Rothy's,1,21/12/2021,Consumer & retail,San Francisco,United States,North America,2016,0.484
SaltPay,1,09/04/2021,Fintech,London,United Kingdom,Europe,2019,1
Savage X Fenty,1,10/02/2021,E-commerce & direct-to-consumer,El Segundo,United States,North America,2018,0.31
Scalapay,1,23/02/2022,Fintech,Milan,Italy,Europe,2019,0.416
Scandit,1,09/02/2022,"Supply chain, logistics, & delivery",Zurich,Switzerland,Europe,2009,0.273
Sentry,1,18/02/2021,Other,San Francisco,United States,North America,2011,0.127
Shield AI,1,24/08/2021,Artificial intelligence,San Diego,United States,North America,2015,0.328
Shift Technology,1,06/05/2021,Artificial intelligence,Paris,France,Europe,2014,0.545
ShipBob,1,29/06/2021,"Supply chain, logistics, & delivery",Chicago,United States,North America,2014,0.331
Shippo,1,02/06/2021,"Supply chain, logistics, & delivery",San Francisco,United States,North America,2013,0.154
Sidecar Health,1,26/01/2021,Fintech,El Segundo,United States,North America,2018,0.163
Sift,1,22/04/2021,Artificial intelligence,San Francisco,United States,North America,2011,0.157
Skydio,1,25/02/2021,"Supply chain, logistics, & delivery",Redwood City,United States,North America,2014,0.34
Slice,1,28/11/2021,Fintech,Bengaluru,India,Asia,2015,0.249
SmartAsset,1,24/06/2021,Fintech,New York,United States,North America,2012,0.161
SMS Assist,1,07/06/2016,Internet software & services,Chicago,United States,North America,2003,0.255
SnapLogic,1,13/12/2021,Internet software & services,San Mateo,United States,North America,2006,0.371
Snorkel AI,1,09/08/2021,Artificial intelligence,Palo Alto,United States,North America,2019,0.135
Solo.io,1,07/10/2021,Internet software & services,Cambridge,United States,North America,2017,0.172
SoundHound,1,03/05/2018,Artificial intelligence,Santa Clara,United States,North America,2005,0.215
Splashtop,1,27/01/2021,Internet software & services,San Jose,United States,North America,2006,0.114
Standard,1,17/02/2021,Artificial intelligence,San Francisco,United States,North America,2017,0.239
Stytch,1,18/11/2021,Cybersecurity,San Francisco,United States,North America,2020,0.126
Swile,1,11/10/2021,Fintech,Montpellier,France,Europe,2016,0.326
Tarana Wireless,1,23/03/2022,Mobile & telecommunications,Milpitas,United States,North America,2009,0.376
TechStyle Fashion Group,1,29/08/2014,E-commerce & direct-to-consumer,El Segundo,United States,North America,2010,0.336
TensTorrent,1,05/05/2021,Artificial intelligence,Toronto,Canada,North America,2016,0.235
TERMINUS Technology,1,25/10/2018,Hardware,Beijing,China,Asia,2015,0.623
Tezign,1,02/11/2021,Internet software & services,Shanghai,China,Asia,2015,0.151
The Zebra,1,12/04/2021,E-commerce & direct-to-consumer,Austin,United States,North America,2012,0.257
Thirty Madison,1,02/06/2021,Health,New York,United States,North America,1993,0.21
Thought Machine,1,29/11/2021,Fintech,London,United Kingdom,Europe,2014,0.403
Timescale,1,22/02/2022,Internet software & services,New York,United States,North America,2015,0.181
Tractable,1,16/06/2021,Artificial intelligence,London,United Kingdom,Europe,2014,0.12
Tresata,1,10/10/2018,Fintech,Charlotte,United States,North America,2011,0.051
TrialSpark,1,30/09/2021,Health,New York,United States,North America,2014,0.156
TrueLayer,1,21/09/2021,Fintech,London,United Kingdom,Europe,2016,0.271
Unico,1,03/08/2021,Artificial intelligence,Sao Paulo,Brazil,South America,2007,0.237
Vagaro,1,03/11/2021,Internet software & services,Dublin,United States,North America,2009,0.163
Vedantu,1,29/09/2021,Edtech,Bengaluru,India,Asia,2014,0.292
Veev,1,24/02/2022,Internet software & services,San Mateo,United States,North America,2008,0.585
Vise,1,18/05/2021,Fintech,New York,United States,North America,2016,0.128
Visier,1,29/06/2021,Internet software & services,Vancouver,Canada,North America,2010,0.217
VOI,1,21/12/2021,Travel,Stockholm,Sweden,Europe,2018,0.516
Vox Media,1,12/08/2015,Internet software & services,Washington,United States,North America,2011,0.308
VTS,1,07/05/2019,Internet software & services,New York,United States,North America,2012,0.187
Watershed,1,08/02/2022,Internet software & services,San Francisco,United States,North America,2019,0.07
Weights & Biases,1,13/10/2021,Internet software & services,San Francisco,United States,North America,2017,0.2
WeLab,1,08/11/2017,Fintech,,Hong Kong,Asia,2013,0.871
Womai,1,12/10/2015,E-commerce & direct-to-consumer,Beijing,China,Asia,2009,0.33
Wrapbook,1,10/11/2021,Fintech,New York,United States,North America,2018,0.131
Xendit,1,14/09/2021,Fintech,Jakarta,Indonesia,Asia,2014,0.215
XForcePlus,1,01/06/2021,Internet software & services,Shanghai,China,Asia,2015,0.2
YH Global,1,21/09/2017,"Supply chain, logistics, & delivery",Shenzhen,China,Asia,1997,0.182
YipitData,1,06/12/2021,Internet software & services,New York,United States,North America,2008,0.492
Yunxuetang,1,29/03/2021,Edtech,Suzhou,China,Asia,2011,0.389
Zhaogang,1,29/06/2017,E-commerce & direct-to-consumer,Shanghai,China,Asia,2012,0.379
Zhuan Zhuan,1,18/04/2017,E-commerce & direct-to-consumer,Beijing,China,Asia,2015,0.99
Zihaiguo,1,06/05/2021,Consumer & retail,Chongqing,China,Asia,2018,0.08
Zopa,1,19/10/2021,Fintech,London,United Kingdom,Europe,2005,0.792
Zwift,1,16/09/2020,E-commerce & direct-to-consumer,Long Beach,United States,North America,2014,0.62